-- phpMyAdmin SQL Dump
-- version 5.0.1
-- https://www.phpmyadmin.net/
--
-- Host: localhost:3306
-- Generation Time: May 31, 2020 at 09:25 AM
-- Server version: 5.7.27-log
-- PHP Version: 7.2.27

SET SQL_MODE = "NO_AUTO_VALUE_ON_ZERO";
SET AUTOCOMMIT = 0;
START TRANSACTION;
SET time_zone = "+00:00";


/*!40101 SET @OLD_CHARACTER_SET_CLIENT=@@CHARACTER_SET_CLIENT */;
/*!40101 SET @OLD_CHARACTER_SET_RESULTS=@@CHARACTER_SET_RESULTS */;
/*!40101 SET @OLD_COLLATION_CONNECTION=@@COLLATION_CONNECTION */;
/*!40101 SET NAMES utf8mb4 */;

--
-- Database: `juliet_new`
--

-- --------------------------------------------------------

--
-- Table structure for table `admins`
--

CREATE TABLE `admins` (
  `id` bigint(20) UNSIGNED NOT NULL,
  `name` varchar(191) COLLATE utf8mb4_unicode_ci NOT NULL,
  `email` varchar(191) COLLATE utf8mb4_unicode_ci NOT NULL,
  `email_verified_at` timestamp NULL DEFAULT NULL,
  `password` varchar(191) COLLATE utf8mb4_unicode_ci NOT NULL,
  `remember_token` varchar(100) COLLATE utf8mb4_unicode_ci DEFAULT NULL,
  `created_at` timestamp NULL DEFAULT NULL,
  `updated_at` timestamp NULL DEFAULT NULL
) ENGINE=InnoDB DEFAULT CHARSET=utf8mb4 COLLATE=utf8mb4_unicode_ci;

--
-- Dumping data for table `admins`
--

INSERT INTO `admins` (`id`, `name`, `email`, `email_verified_at`, `password`, `remember_token`, `created_at`, `updated_at`) VALUES
(1, 'admin', 'admin@admin.com', '2020-02-19 05:13:45', '$2y$10$10uIT2eqrYhFlY4pmkbq1.rQ7THHoRJdh0ALIFAfo9cbFWZYlOLB2', '4rwUmMH2k2', '2020-02-19 05:13:45', '2020-02-19 05:13:45');

-- --------------------------------------------------------

--
-- Table structure for table `banner`
--

CREATE TABLE `banner` (
  `id` bigint(20) UNSIGNED NOT NULL,
  `img` varchar(191) COLLATE utf8mb4_unicode_ci NOT NULL,
  `created_at` timestamp NULL DEFAULT NULL,
  `updated_at` timestamp NULL DEFAULT NULL
) ENGINE=InnoDB DEFAULT CHARSET=utf8mb4 COLLATE=utf8mb4_unicode_ci;

--
-- Dumping data for table `banner`
--

INSERT INTO `banner` (`id`, `img`, `created_at`, `updated_at`) VALUES
(1, '1583136980-1-1.jpg', '2020-03-02 06:16:20', '2020-03-02 06:16:20'),
(2, '1583136999-1-3.jpg', '2020-03-02 06:16:39', '2020-03-02 06:16:39'),
(3, '1583311572-1-4.jpg', '2020-03-02 06:17:15', '2020-03-04 06:46:12'),
(4, '1583743567-makeup-artist-business-card-vector-260nw-747906025.webp', '2020-03-09 06:46:07', '2020-03-09 06:46:07'),
(6, '1583743803-skin_care_low_res.jpg', '2020-03-09 06:50:03', '2020-03-09 06:50:03');

-- --------------------------------------------------------

--
-- Table structure for table `comments`
--

CREATE TABLE `comments` (
  `id` bigint(20) NOT NULL,
  `name` varchar(255) CHARACTER SET utf8mb4 COLLATE utf8mb4_unicode_ci NOT NULL,
  `email` varchar(255) CHARACTER SET utf8mb4 COLLATE utf8mb4_unicode_ci NOT NULL,
  `comment` varchar(255) CHARACTER SET utf8mb4 COLLATE utf8mb4_unicode_ci NOT NULL,
  `post_id` bigint(20) UNSIGNED NOT NULL,
  `created_at` timestamp NULL DEFAULT NULL,
  `updated_at` timestamp NULL DEFAULT NULL
) ENGINE=InnoDB DEFAULT CHARSET=latin1;

--
-- Dumping data for table `comments`
--

INSERT INTO `comments` (`id`, `name`, `email`, `comment`, `post_id`, `created_at`, `updated_at`) VALUES
(1, 'yosraaaaaaa', 'yosraatef17@gmail.com', 'dddddddddd', 11, '2020-03-03 07:28:27', '2020-03-03 07:28:27'),
(3, 'yosra', 'yosraatef17@gmail.com', 'gggggggggg', 21, '2020-03-03 08:07:34', '2020-03-03 08:07:34'),
(5, 'yosra', 'admin@admin.com', 'nnnnnnnnnnnnnnnn', 20, '2020-03-30 10:30:56', '2020-03-30 10:30:56'),
(6, 'ميك اب', 'yosraatef7@gmail.com', 'klkmlmml', 20, '2020-03-30 11:08:38', '2020-03-30 11:08:38');

-- --------------------------------------------------------

--
-- Table structure for table `failed_jobs`
--

CREATE TABLE `failed_jobs` (
  `id` bigint(20) UNSIGNED NOT NULL,
  `connection` text COLLATE utf8mb4_unicode_ci NOT NULL,
  `queue` text COLLATE utf8mb4_unicode_ci NOT NULL,
  `payload` longtext COLLATE utf8mb4_unicode_ci NOT NULL,
  `exception` longtext COLLATE utf8mb4_unicode_ci NOT NULL,
  `failed_at` timestamp NOT NULL DEFAULT CURRENT_TIMESTAMP
) ENGINE=InnoDB DEFAULT CHARSET=utf8mb4 COLLATE=utf8mb4_unicode_ci;

-- --------------------------------------------------------

--
-- Table structure for table `images`
--

CREATE TABLE `images` (
  `id` bigint(20) UNSIGNED NOT NULL,
  `image` varchar(191) COLLATE utf8mb4_unicode_ci NOT NULL,
  `post_id` bigint(20) UNSIGNED DEFAULT NULL,
  `section_id` bigint(20) UNSIGNED DEFAULT NULL,
  `created_at` timestamp NULL DEFAULT NULL,
  `updated_at` timestamp NULL DEFAULT NULL
) ENGINE=InnoDB DEFAULT CHARSET=utf8mb4 COLLATE=utf8mb4_unicode_ci;

--
-- Dumping data for table `images`
--

INSERT INTO `images` (`id`, `image`, `post_id`, `section_id`, `created_at`, `updated_at`) VALUES
(5, '1583223564-WhatsApp Image 2020-03-03 at 9.24.32 AM (1).jpeg', 20, 1, '2020-03-03 06:19:24', '2020-03-03 06:19:24'),
(6, '1583223597-WhatsApp Image 2020-03-03 at 9.24.32 AM.jpeg', 21, 1, '2020-03-03 06:19:57', '2020-03-03 06:19:57'),
(7, '1583223625-أزياء-محجبات-تركية-لتستوحي-منها-ستايل-حجابك.jpeg', 21, 1, '2020-03-03 06:20:25', '2020-03-03 06:20:25'),
(8, '1583223919-1967-1.jpg', 20, 1, '2020-03-03 06:25:19', '2020-03-03 06:25:19'),
(9, '1583224596-unnamed.jpg', 11, 2, '2020-03-03 06:36:36', '2020-03-03 06:36:36'),
(10, '1583224637-مكياج-عيون-باللون-الفوشيا.jpg', 11, 2, '2020-03-03 06:37:17', '2020-03-03 06:37:17'),
(11, '1583224658-23657-ميكب-ارتست.jpg', 12, 2, '2020-03-03 06:37:38', '2020-03-03 06:37:38'),
(12, '1583224913-كيفية-تطبيق-مكياج-سواريه-خطوة-بخطوة.jpg', 12, 2, '2020-03-03 06:41:53', '2020-03-03 06:41:53'),
(13, '1583229104-925.webp', 22, 3, '2020-03-03 07:51:44', '2020-03-03 07:51:44'),
(14, '1583229125-2018-s.jpg', 22, 3, '2020-03-03 07:52:05', '2020-03-03 07:52:05'),
(15, '1583229146-SLJELY-925.jpg', 23, 3, '2020-03-03 07:52:26', '2020-03-03 07:52:26'),
(16, '1583229181-925-s.jpg', 23, 3, '2020-03-03 07:53:01', '2020-03-03 07:53:01'),
(17, '1583230748-2992226-1021762521.jpg', 24, 3, '2020-03-03 08:19:08', '2020-03-03 08:19:08'),
(18, '1583230773-2992216-864444268.jpg', 24, 3, '2020-03-03 08:19:33', '2020-03-03 08:19:33'),
(19, '1583238384-2018_1_11_11_55_11_402.jpg', 25, 4, '2020-03-03 10:26:24', '2020-03-03 10:26:24'),
(20, '1583238410-50820171022050829829.jpg', 25, 4, '2020-03-03 10:26:50', '2020-03-03 10:26:50'),
(21, '1583653498-5a9923f2dd513.jpg', 28, 5, '2020-03-08 05:44:58', '2020-03-08 05:44:58'),
(22, '1583653534-2133.jpg', 28, 5, '2020-03-08 05:45:34', '2020-03-08 05:45:34'),
(23, '1583654125-1454505473_1454506047454139000.jpg', 29, 5, '2020-03-08 05:55:25', '2020-03-08 05:55:25'),
(24, '1583654164-f65c7b802cc174aa30393f22690c734f3cd6e6bb.jpg', 29, 5, '2020-03-08 05:56:04', '2020-03-08 05:56:04'),
(25, '1583666540-العناية-بالشعر-1 (1).jpg', 30, 5, '2020-03-08 09:22:20', '2020-03-08 09:22:20'),
(26, '1583666615-2777556-2086293307.jpg', 30, 5, '2020-03-08 09:23:35', '2020-03-08 09:23:35'),
(27, '1583742592-كيف_أبدأ_تصميم_الازياء.jpg', 31, 1, '2020-03-09 06:29:52', '2020-03-09 06:29:52'),
(28, '1583742661-الرسم-الفائز.jpg', 31, 1, '2020-03-09 06:31:01', '2020-03-09 06:31:01'),
(29, '1589192122-5691241-1791629498.jpg', 35, 1, '2020-05-11 08:15:22', '2020-05-11 08:15:22'),
(30, '1589192152-nwrhn_hsn_m_lfstyn_ldntyl.jpg', 35, 1, '2020-05-11 08:15:52', '2020-05-11 08:15:52');

-- --------------------------------------------------------

--
-- Table structure for table `migrations`
--

CREATE TABLE `migrations` (
  `id` int(10) UNSIGNED NOT NULL,
  `migration` varchar(191) COLLATE utf8mb4_unicode_ci NOT NULL,
  `batch` int(11) NOT NULL
) ENGINE=InnoDB DEFAULT CHARSET=utf8mb4 COLLATE=utf8mb4_unicode_ci;

--
-- Dumping data for table `migrations`
--

INSERT INTO `migrations` (`id`, `migration`, `batch`) VALUES
(39, '2014_10_12_000000_create_users_table', 1),
(40, '2014_10_12_100000_create_password_resets_table', 1),
(41, '2019_08_19_000000_create_failed_jobs_table', 1),
(42, '2020_02_02_102739_create_sections_table', 1),
(43, '2020_02_02_104255_create_admins_table', 1),
(44, '2020_02_05_102804_create_posts_table', 1),
(45, '2020_02_19_061006_create_banner_table', 1),
(46, '2020_02_19_061025_create_news_table', 1),
(47, '2020_02_19_061852_create_images_table', 1),
(48, '2020_02_19_062156_create_tags_table', 1),
(49, '2020_02_19_073209_create_post_tag_table', 1);

-- --------------------------------------------------------

--
-- Table structure for table `news`
--

CREATE TABLE `news` (
  `id` bigint(20) UNSIGNED NOT NULL,
  `title` varchar(191) COLLATE utf8mb4_unicode_ci NOT NULL,
  `new` text COLLATE utf8mb4_unicode_ci NOT NULL,
  `img` varchar(191) COLLATE utf8mb4_unicode_ci NOT NULL,
  `created_at` timestamp NULL DEFAULT NULL,
  `updated_at` timestamp NULL DEFAULT NULL
) ENGINE=InnoDB DEFAULT CHARSET=utf8mb4 COLLATE=utf8mb4_unicode_ci;

--
-- Dumping data for table `news`
--

INSERT INTO `news` (`id`, `title`, `new`, `img`, `created_at`, `updated_at`) VALUES
(1, 'سلبية تحاليل 1447 حالة مشتبه فى إصابتها بفيروس \"كورونا\"', 'تلقى الرئيس عبد الفتاح السيسى فى رسالة من ملك البحرين، وإعلان وزيرة الصحة سلبية 1447 حالة مشتبه فى إصابتها بفيروس \"كورونا\"، وتأكيد وزير الإسكان توفير وحدات سكنية لموظفى العاصمة الإدارية تسدد ببدل الانتقالات، وتوضيح وزارة التربية والتعليم حقيقة إخلاء المدارس من الطلاب 7 مارس', '1583312989-ؤ.jpg', '2020-03-04 07:09:49', '2020-03-04 07:09:49'),
(2, 'فيروس كورونا', 'أعلنت السلطات المصرية، يوم السبت، تسجيل 33 حالة إصابة جديدة بفيروس كورونا (كوفيد 19) على متن باخرة في نهر النيل، وهو ما يرفع عدد المصابين في البلاد إلى 48.\r\n\r\n\r\nويوم الجمعة، أعلنت وزارة الصحة والسكان في مصر ومنظمة الصحة العالمية، اكتشاف 12 حالة إصابة بفيروس كورونا المستجد على متن الباخرة نفسها.\r\n\r\nوأورد بيان صادر عن المنظمة ووزارة الصحة المصرية، أن المصابين لم تظهر عليهم أي أعراض، حين كانوا على متن باخرة قادمة من محافظة أسوان إلى محافظة الأقصر.\r\n\r\nوأوضح المتحدث باسم وزارة الصحة والسكان المصرية، خالد مجاهد، أن السلطات تابعت الحالة الصحية لـ14 راكبا خالطوا في الباخرة سائحة تايوانية من أصل أميركي تبينت إصابتها بالفيروس عقب العودة إلى بلادها.\r\n\r\nوأشار تقرير منظمة الصحة العالمية إلى أن السائحة هي الحالة الأساسية المسببة للعدوى لدى الحالات التي تم اكتشافها (index case)، وهذا الأمر دفع وزارة الصحة والسكان إلى اتخاذ كافة الإجراءات الوقائية والاحترازية حيال المخالطين للحالة وأجريت لهم الفحوص اللازمة.', '1583666907-1-1326499 (1).jpg', '2020-03-08 09:28:27', '2020-03-08 09:28:27'),
(3, 'بعد إيقاف الدوري الإيطالي.. كيف يحدّد الفائز باللقب؟', 'نشرت صحيفة \"لا ريبابليكا\" الإيطالية تقريرا سلّط الضوء على الخيارات المتاحة لحسم ترتيب الأندية المشاركة بالدوري الإيطالي، وذلك عقب إعلان رئيس الوزراء الإيطالي، جوسيبي كونتي، مساء الاثنين، تعليق الأحداث الرياضية ومن بينها مباريات \"الكالتشيو\" لمكافحة تفشي كورونا المستجد.\r\n\r\n\r\nووفق الصحيفة الإيطالية فإن الخيار الأول وهو الأكثر ترجيحا يتمثل بتأجيل \"يورو 2020\"، وبالتالي يستكمل الدوري الإيطالي في الصيف، وتنقل بطولة أمم أوروبا لتقام في الخريف أو مع نهاية العام.\r\n\r\nأما السيناريو الثاني وفق ما نقل موقع \"يوروسبورت\"، فيكون بضغط جدول المباريات ولعب الشهر الأخير منه على نحو مكثّف، بحيث يلعب كل ناد مرة في غضون يومين أو ثلاثة، هذا إلى جانب تأجيل كأس إيطاليا ليونيو أو أغسطس.\r\n\r\nوأخيرا يأتي السيناريو الثالث، والذي يعد الأسوأ، حيث يكون التوقف نهاية الموسم، ولا يمنح اللقب لأي فريق، ويتأهل للبطولات الأوروبية الأندية التي تحتل المراكز المؤهلة لها حاليا، أي يوفنتوس ولاتسيو وإنتر وأتلانتا لدوري الأبطال، في حين يتأهل كل من روما ونابولي للدوري الأوروبي.\r\n\r\nوفيما يتعلق بمسألة الهبوط، فستكون جميع الأندية في مأمن، وسيضاف فريقان من الـ\"سيري بي\"، للأندية المشاركة في \"سيري أ\"، ليصل مجموع الفرق إلى 22.', '1583835511-1-1327067.jpg', '2020-03-10 08:18:31', '2020-03-10 08:18:31'),
(4, 'استقبال 750 مصريا بعد عودتهم من دولة الكويت وتسكينهم بالمدن الجامعية', 'وسط هتافات تحيا مصر والغناء والفرحة استقبل مطار القاهرة ثلاثة رحلات استثنائية على متنها 750 مواطناً مصرياً كانوا عالقين بدولة الكويت، ضمن خطة الدولة لإعادة المصريين العالقين بالخارج بعد تعليق الرحلات الجوية نتيجة تفشى فيروس كورونا المستجد.\r\n \r\nووجه اللواء أحمد راشد، محافظ الجيزة لليوم الثانى على التوالى بانطلاق فريق عمل من محافظة الجيزة إليى مطار القاهرة لاستقبال المصريين العائدين من دولة الكويت الشقيقة لتسكينهم في المدينة الجامعية لجامعه القاهرة بمنطقة بين السرايات والتي تم تخصيصها للعزل الصحى لمدة 14 يوم طبقا للإجراءات الوقائية الصادرة من منظمة الصحة العالمية للاطمئنان على سلامتهم وخلوهم من الإصابة بالفيروس المستجد، وفقا لتوجهات القيادة السياسية فى هذا الشأن.\r\n \r\nوأكد محافظ الجيزة أنه تم استقبال المواطنين العائدين وتوفير اتوبيسات مجهزة من خلال التنسيق مع هيئة النقل العام لنقلهم للمدينة الجامعية مشيرا أن جميع العائدين خضعوا للكشف الطبي فور وصولهم المطار من قبل أطباء الحجر الصحي، إضافة إلى إجراء التحاليل الفورية وأخذ عينات وإرسالها للمعامل للتأكد من خلوهم من أية إصابات.\r\n \r\nوثمن محافظ الجيزة بالدور التي قامت به جامعة القاهرة للتعاون مع المحافظة فى تجهيز حجرات الإقامة للمواطنين وتوفير كافة سبل الإعاشة اللازمة للعمل على راحة الوافدين خلال فترة الحجر الصحى ورجوعهم إلى منازلهم إضافة إلى رفع كفاءة المدينة لاستقبال المواطنين.\r\n \r\nوأشار المحافظ إلى أن جهود الدولة مستمرة لإعادة المصريين العالقين في الخارج، تنفيذاً لتوجيهات الرئيس عبدالفتاح السيسى رئيس الجمهورية بمواصلة الجهود لإعادة المواطنين العالقين في الخارج بمختلف المناطق الجغرافية حول العالم.\r\n \r\nوقال محافظ الجيزة إنه سيتم استقبال رحلات أخرى  لتسكينهم بالمدن الجامعية بمحافظة الجيزة، لافتا إلى أن هناك تنسيق كامل مع وزارة الصحة ووزارة الداخلية لتأمين وصول العائدين من الخارج إلى الجهة المخصصة للحجر الصحى.\r\n \r\nمن جانبهم أعرب المواطنون المصريون الذين تم استقبالهم  من دولة الكويت عن شكرهم العميق وامتنانهم  لفخامة الرئيس عبد الفتاح السيسي رئيس الجمهورية لرعايته لهم ولحرصه على عودتهم الى ارض الوطن وتوفير طائرات لنقلهم بسلامة وكذلك توفير حجر صحي أمن  لهم دون تحملهم أى نفقات مادية.\r\n \r\nوأشار المواطنون الذين تم  استقبالهم بالمدن الجامعية لقضاء فترة الحجر الصحي عن تمتعهم بخدمة عالية الجودة فضلا عن تعقيم مقرات إقامتهم ومنحهم وجبات غذائية متكاملة، كما أعربوا عن  شكرهم لسائر أجهزة الدولة متمثلة في وزارة الطيران المدني ومحافظة الجيزة وجامعه القاهرة لتوفير كافة التيسيرات لهم بداية من استقبالهم بالمطارات وتيسير الإجراءات  وتوفير وسائل الانتقال وكذلك تسكينهم في المدن الجامعية.', '1589194325-202005060951225122.jpg', '2020-05-11 08:52:05', '2020-05-11 08:52:05');

-- --------------------------------------------------------

--
-- Table structure for table `password_resets`
--

CREATE TABLE `password_resets` (
  `email` varchar(191) COLLATE utf8mb4_unicode_ci NOT NULL,
  `token` varchar(191) COLLATE utf8mb4_unicode_ci NOT NULL,
  `created_at` timestamp NULL DEFAULT NULL
) ENGINE=InnoDB DEFAULT CHARSET=utf8mb4 COLLATE=utf8mb4_unicode_ci;

-- --------------------------------------------------------

--
-- Table structure for table `posts`
--

CREATE TABLE `posts` (
  `id` bigint(20) UNSIGNED NOT NULL,
  `title` varchar(191) COLLATE utf8mb4_unicode_ci NOT NULL,
  `img` varchar(191) COLLATE utf8mb4_unicode_ci NOT NULL,
  `body` text COLLATE utf8mb4_unicode_ci NOT NULL,
  `slug` varchar(191) COLLATE utf8mb4_unicode_ci NOT NULL,
  `text` longtext COLLATE utf8mb4_unicode_ci NOT NULL,
  `view_count` int(11) NOT NULL DEFAULT '0',
  `section_id` bigint(20) UNSIGNED DEFAULT NULL,
  `created_at` timestamp NULL DEFAULT NULL,
  `updated_at` timestamp NULL DEFAULT NULL
) ENGINE=InnoDB DEFAULT CHARSET=utf8mb4 COLLATE=utf8mb4_unicode_ci;

--
-- Dumping data for table `posts`
--

INSERT INTO `posts` (`id`, `title`, `img`, `body`, `slug`, `text`, `view_count`, `section_id`, `created_at`, `updated_at`) VALUES
(11, 'طريقة المكياج', '1583224370-226-226-600x400.jpg', 'تحتاج المرأة للمكياج في حياتها كثيراً، فهو يلعب دوراً كبيراً في ظهور المرأة بشكل جميل ورائع، حيث للمكياج القدرة على إخفاء عيوب الوجه، فهو يضفي جمالاً على شكل المرأة الخارجي، فيجعلها تشعر بالسعادة عن منظرها وشخصيّتها، حيث تسعى كلّ امرأة إلى ذلك، وتتنوّع طرق وضع المكياج حسب ذوق كلّ امرأ', 'tryk-almkyaj', '<p>&nbsp;</p>\r\n\r\n<p>نصائح قبل وضع المكياج الحرص على أن يكون الوجه نظيفاً مع استعمال المرطب الليلي. غسل الوجه بالصابون المخصص لكل أنواع البشرة، للتخلّص من الشوائب. العناية اليوميّة بالبشرة، لكي تبقى دائماً بشكل صحيّ. عدم استعمال الأقنعة قبل وضع المكياج إلّا بحدود الساعتين، حتّى ترتاح البشرة.<br />\r\n<br />\r\nالخطوات الصحيحة لوضع المكياج كريم الأساس، بحيث يكون مناسباً لنوع البشرة، ويستعمل لتوحيد لون البشرة. الكونسيلر تحت العيون، حيث يقوم بإخفاء الهالات السوداء وعيوب البقع والبثور على الوجه. البودرة الجافة، لكي تعطي ثباتاً على المكياج. مكياج العيون عن طريق استخدام الظل على كامل الجفن مع رسم الكحلة على طول خط الرموش. المسكارا توضع على الرموش لزيادة كثافتها. بودرة الخدود، حيث توضع بواسطة الفرشاة الكبيرة، وتختلف ألوانها حسب لون البشرة. مرطب الشفاه، لكي يعطي الترطيب واللمعان على منظر الشفاه.</p>', 7, 2, '2020-03-02 05:09:05', '2020-05-19 07:35:55'),
(12, 'كيفية التحكم في بشرتك في الصيف والشتاء والمكياج الذي يناسبها', '1583224437-maxresdefault.jpg', 'يزداد التعرّق في فصل الصيف، وبالتالي يفقد الجسم السوائل، ممّا يؤثّر على جمال ورونق البشرة، لذلك ينصح في هذا الفصل بالتقليل من كريم الأساس، لأنّه يجعل البشرة تظهر بشكل دهني مما يفقد البشرة المنظر اللائق، ويمكن استبدال كريم الأساس بالبودرة الشفافة، أخيراً ولكي نحافظ على البشرة صيفاً، ننصح بوضع كريم الواقي من أشعة الشّمس الضّارة بالبشرة خصوصاً في ساعات الظّهيرة.', 'kyfy-althkm-fy-bshrtk-fy-alsyf-oalshta-oalmkyaj-althy-ynasbha', '<p><br />\r\nمن المشاكل التي تواجه المرأة في فصل الشتاء مشكلة الجفاف، لذلك يجب على المرأة عدم استعمال بودرة الحجر الناشفة؛ لأنّها تزيد من جفاف الوجه وتقشره، واستبدالها بوضع كريم الأساس المرطب على البشرة لتمنح الوجه الملمس الناعم، بالإضافة إلى استعمال المرطب ليلاً، وبالنسبة لمكياج الوجه واللون في فصل الشتاء يستعمل ألواناً غامقة مع قلم الشفاه الغامق الجميل، وخصوصاً في المناسبات.</p>', 7, 2, '2020-03-02 09:08:41', '2020-05-11 12:07:31'),
(13, 'طرق إزلة المكياج', '1583147680-36160-إزالة-مكياج-العين.jpg', 'البشرة تحتاج إلى الراحة والإنتعاش دائماً، لذلك يجب إزالة المكياج عن الوجه لكي ترتاح البشرة وتتفتح المسام، حيث النوم بوجود المكياج يسبب العديد من المشاكل للبشرة، مثل الحبوب، والبقع والندب.', 'trk-ezl-almkyaj', '<p>البشرة تحتاج إلى الراحة والإنتعاش دائماً، لذلك يجب إزالة المكياج عن الوجه لكي ترتاح البشرة وتتفتح المسام، حيث النوم بوجود المكياج يسبب العديد من المشاكل للبشرة، مثل الحبوب، والبقع والندب. ومن طرق إزالة المكياج: تنظيف العيون برفق للتخلص من آثار المكياج عنها، حيث تعتبر العيون حساسةً جداً، لذلك يجب استعمال المزيل الخاصّ بالعيون، ووضعه على قطنة والفرك بلطف على العيون والرموش. غسل الوجه بالغسول أو الصابون المخصص لنوع البشرة. شطف الوجه بالماء الفاتر وعدم فركه بقوة. تجفيف الوجه بعد غسله بمنشفة ناعمة. وأخيراً يجب الرفق بالبشرة، التي تعتبر من أكثر وأشد المناطق حساسيّة، لذلك يجب العنايّة بها جيداً.<br />\r\n&nbsp;</p>', 17, 2, '2020-03-02 09:14:40', '2020-05-28 14:46:17'),
(20, 'الأزياء والموضة', '1583220814-9788-2.jpg', 'عالم الأزياء والموضة تأخذ الموضة والأزياء حيّزاً كبيراً في أذهان النّاس وخاصّةً المشاهير، حيث تدلّنا على شخصيّة الشّخص الّذي يرتديها. يُهتمّ بملابس المشاهير تماماً كاهتمام النّاس بأعمالهم الفنيّة وإبداعاتهم؛ حيث تجد الكثير من المقالات والمناقشات حول ملابس شخصٍ مهم في مناسبةٍ ما؛ فالأزياء هي عالمٌ تطوّر عبر السّنين ليصبح من أهمّ العوالم في وقتنا هذا.', 'alazya-oalmod', '<p>تاريخ عالم الأزياء والموضة يشير عالم الأزياء والموضة إلى عالم صناعة الملابس والاكسسوارات الواسع والّذي ابتدأه تشارلز فريدريك وورث في القرن التّاسع عشر، والّذي كان أوّل مصمّم أزياءٍ يضع علامته التّجاريّة على الملابس الّتي صنعها، وكانت روز بيرتن أوّل مصممّة أزياءٍ تفتتح متجراً للملابس في فرنسا في القرن الثامن عشر والتّاسع عشر والّتي كانت تُلقّب بوزيرة الأزياء، وكانت المصمّمة الخاصّة بملكة فرنسا ماري انطوانيت، حتى حصلت الثّورة في فرنسا وانتقلت إلى لندن.</p>\r\n\r\n<p>أسماء عالميّة مشهورة في الأزياء من هذه الأسماء :-</p>\r\n\r\n<p>&nbsp;كوكو شانيل: اسمها الحقيقي هو غابرييل شانيل بنور، وهي مصمّمة أزياءٍ فرنسيّة ومؤسّسة علامة شانيل التّجاريّة المعروفة حتّى وقتنا هذا، واشتهرت بحداثة فكرها وأزيائها العملية والّذي جعلها أشهر مصمّمة أزياء ومن ضمن 100 أهم شخصٍ في العالم في القرن العشرين. دونا كارن: مؤسِّسة علامة (دي كي إن واي) الأمريكية، تأتي من خلفيّة متعلّقة بالأزياء؛ حيث كانت رئيسةً لفريق تصميم أزياءٍ لعددٍ من السنين، وشهدت علامتها التّجاريّة الكثير من التغييرات وما زالت متداولةً حتى وقتنا هذا. جورجيو أرماني: هو مصمّم الأزياء الإيطالي والّذي اختصّ بملابس الرّجال، وقد تأسّست شركته المعروفة للأزياء أرماني عام 1975م وفي حلول عام 2001م كان أنجح مصمّم أزياءٍ إيطالي بثروةٍ تقدّر بـ 1.6 مليار دولار.[٣] كالفن كلاين: ولد عام 1942م، وكان له سمعةٌ واسعة في عالم الأزياء وهو مؤسّس علامة (كالفن كلاين) التجاريّة للأزياء. دوناتيلا فيرساتشي: هي أخت جياني فيرساتشي والّذي أُغتيل عام 1997م بعدما أسّس محلّات فيرساتشي للأزياء والّتي تعتبر علامةً تجاريّةً معروفةً حتى وقتنا هذا، فقد حرصت دوناتيلا على أن تهتمّ بمتجر أخيها وتأخذه إلى آفاقٍ أعلى، ونجحت في ذلك؛ حيث ترى العديد من المشاهير يرتدون ملابس فيرساتشي ويُفضّلونها. [٣] رالف لورين: تُقدّر ثروته بـ 7.5 مليار دولار، وكلّ ذلك بسبب حس الموضة لديه، كما كان يهوى جمع السيّارات الكلاسيكيّة القديمة ويعرضها في متحفٍ خاص. كريستيان ديور: وهو مُصمّم أزياءٍ فرنسي، ولد عام 1905، وقد قام بتغيير طريقة ارتداء النّساء للملابس بعد الحرب العالميّة الثانية، وما زال اسمه معروفاً حتى يومنا هذا ومتداولاً بالأسواق بإدارة جون جاليانو والّذي حمل اسم كريستيان ديور في باريس. توم فورد: اشتغل لشركتي إيف سانت لورينت وجوتشي، ولكنّه لطالما حلم بأن يصبح ممثّلاً، ولكن شاء القدر أن يجعله ذلك مصمّم أزياءٍ مشهور وخاصّة في عام 2000م حيث فاز بجائزة أفضل مصمّم أزياء عالمي. بيير كاردن: هو مصمّم أزياء فرنسي ولد في إيطاليا، اشتهر بأزيائه في القرن العشرين والّتي بدت وكأنّها قادمة من المستقبل؛ حيث استخدم الخيال العلمي والألوان الغريبة. إيف سانت لورينت: مُصمّم أزياءٍ فرنسي اشتهر بإعادة تصميمه للملابس، كما واشتهر بملابس النّساء المسترجلة والأنثويّة في الوقت نفسه.</p>', 9, 1, '2020-03-03 05:33:34', '2020-05-19 18:20:36'),
(21, 'الأزياء وتاريخها وصناعتها', '1583223490-3024.jpg', 'هو نمط شعبيّ في اللباس، يُظهر أناقة الإنسان، وتختلف الأزياء من بلد لآخر؛ إذ تمتلك كل بلد زيّاً شعبياً خاصاً بها، ويُعبّر ذلك عن ثقافة وتراث الشعب، ومع تطور التكنولوجيا بدأت الأزياء تتنوع وتظهر بأشكال، وألوان متنوعة، وساهم ذلك في ظهور العديد من مصممي الأزياء الذين يحرصون على تصميم كل ما هو جديد في عالم الأزياء، ويوجد الآن العديد من الماركات العالميّة المهتمة بتصميم أفضل الأزياء.', 'alazya-otarykhha-osnaaatha', '<p>تاريخ الأزياء لم تكن الأزياء في القدم تختلف عن بعضها البعض، وعُرف ذلك من خلال إشارة الرّحالين إلى هذا بعدما زاروا العديد من البلدان كبلاد فارس، وتركيا، والهند، والصين، وكان التغيّر السريع في صناعة الأزياء في الملابس الصينيّة، وساهم ذلك في إحداث ثورة كبيرة في القارة الأوروبية التي أحدثت تغيّراً سريعاً بشكل متزايد على أنماط الملابس، وكان التغير البارز هو تصميم ملابس قصيرة، وبعد ذلك بدأت الصناعة تتغيّر حيث بدأ التخصص بصناعة بعض الأنواع للأغنياء، وأنواع أخرى للطبقات المتوسطة والفقيرة، وذلك اعتماداً على نوع المادة الداخلة في تصنيع الأزياء. صناعة الأزياء بدأت صناعة الأزياء بشكلها الحديث خلال منتصف القرن التاسع عشر في القارة الأوروبية، والبلاد الأمريكية، إذ كانت تُصنع بعض الملابس خصيصاً لبعض المناسبات الخاصة يدويّاً، وقبل حلول القرن العشرين بدأت ثورة تكنولوجية ساهمت في صنع أزياء بواسطة ماكينات خياطة، ومع صعود الرأسماليّة العالمية بدأ ظهور نظام مصانع الانتشار، وظهور عمليّة البيع بالتجزئة، واعتباراً من عام 2015 م بدأت الصناعات الدولية للأزياء في كل دولة من دول العالم ببيعها في مختلف أرجاء العالم، وتنقسم الصناعة إلى أربعة مستويات، حيث يعد كل مستوى من هذه المستويات قطاعاً منفصلاً عن الآخر، إلّا أنّها مرتبطة مع بعضها من حيث النظام والمبدأ، وهي: إنتاج المواد الخام، وبصورة رئيسيّة الألياف، والمنسوجات، والجلود، والفراء. إنتاج الأزياء من قبل المصممين، والمصنعين، والمقاولين وغيرهم. مبيعات التجزئة. أشكال مختلفة لغايات الدعاية والترويج. الملكية الفكرية لا يتم تطبيق الملكية الفكرية لصناعة الأزياء كما هي في صناعة السينما، والأفلام، والموسيقى، باعتبار أنّ تصاميم الأزياء تُستلهم من قبل تصاميم أخرى، وتساعد هذه السياسة الشركات الكبرى من خلال عرض أقوى التصاميم على جميع الساحات، مما يسهم في فشل العديد من الشركات الصغيرة بالرغم من قوة صناعتها، ولهذا السبب خلال عام 2005 م عقدت المنظمة العالمية للملكية الفكرية (WIPO) مؤتمراً يدعو إلى تشديد تنفيذ الملكية الفكرية في صناعة الأزياء؛ لتوفير حماية للشركات الصغيرة والمتوسطة، ضمن حق القدرة التنافسية في الصناعة.<br />\r\n&nbsp;</p>', 10, 1, '2020-03-03 06:18:10', '2020-05-28 09:18:56'),
(22, 'الحلي والجواهر', '1583228919-أنواع_الحلي.jpg', 'الحلي أو الجواهر هي إحدى أنواع الزينة الشخصية، وتُصنع عادةً من المعادن النفيسة، كما يُمكن تنسيقها بطقم كامل لتُسمى عندها بالمجوهرات، واستخدمها الإنسان للعديد من الأغراض، منها: تسهيل المعاملات التجارية، وتبادل الهدايا، وصناعة الدبابيس. وفي هذا المقال سنتحدث عن أنواعها بالتفصيل.', 'alhly-oaljoahr', '<p>أنواع الحلي الأساور تعتبر الأساور أحد أنواع المجوهرات المميزة، والتي ترتديها النساء عادةً في المناسبات المختلفة كمقابلات العمل، وحفلات الزفاف أو حفلات النجاح، وأهم ما يُميزها ألوانها المختلفة فمنها الذهبي، والفضي، كما تمتاز بإمكانية صنعها بالعديد من المّواد مثل: البلاستيك، والألماس، والذهب، والمطاط، والجلد. الخواتم هي أحد أنواع المجوهرات التي تمتاز بشكلها الدائري، وتُصنع بشكلٍ أساسي من المعادن المختلفة كالفضة والذهب، كما أنها ترصع بالجواهر الكريمة مثل: الألماس والياقوت، وتُلبس عادةً في اليدين، كما يمكن ارتداؤها في القدمين أو الأذنين، وأهم ما يُميزها هو استخدامها رمزاً في حفلات الخطوبة والزفاف، وجديرٌ بالذكر أنّ المصريين القدماء هم أول من استخدمها قبل حوالي 6000عام، ثمّ انتشرت لباقي أنحاء العالم، حيث أصبحت الآن تستخدم كرمز من الرموز الدينية والروحية. الخلخال هو أحد أنواع الحليّ التي تشبه الأساور إلّا أنّه يُلبس بالقدم، وأول من استخدمه هم المصريون القدماء، ويتم صناعته بشكلٍ أساسي من المعادن النفيسة: كالفضة، والنحاس، والذهب، والبرونز، وفي الوقت الحالي أصبح يُصنع من الزجاج والحديد، ولا يقتصر فقط على الزينة، بل يُمكن تقديمه أيضاً كشبكة من عريس لعروسته، كما يستخدمه بعض الأفراد لعلاج أمراض الحيوانات، ولعل أهم ما يُميزه هو أشكاله المتنوعة، وإمكانية نقش العديد من الرسومات عليه مثل: الألقاب الملكية والتمائم. القلادة العقد أو القلادة أو السلاسل هي إحدى أنواع الحلي التي توضع حول الرقبة، وتمتاز بإمكانية صنعها بالعديد من المعادن النفيسة كالفضة، والذهب، والألماس، كما تمتاز بإمكانية زخرفتها بالعديد من الإكسسوارات واللآلئ، والجلود، والأحجار الكريمة مثل: الياقوت، والزمرد، والفيروز. ساعة اليد هي أحد أنواع الحلي التي تستخدم من قِبل الرجال والنساء على حدٍ سواء، وأول من اخترعها هو المخترع الألماني بيتر هينلاين في بداية القرن السادس عشر ميلادي، إذ كانت تُوضع في حقيبة اليد، أو في الجيوب، وفي الوقت الحالي أصبحت تُوضع حول معصم اليد، ولعل أهم ما يُميزها هو أشكالها وألوانها المتنوعة، عدا عن إمكانية تزيينها بالعديد من الإكسسوارات والمجوهرات مثل: الألماس، والذهب، والجلد، إضافة لتوفّر أنواع مختلفة منها، مثل: ساعة اليد الميكانيكية، وساعة اليد الإلكترونية. القرط هو أحد أنواع الحليّ التي توضع في الأذن عادةً، كما يُمكن أن يعلّق في السرة، أو في الأنف، ولعل أهم ما يُميزه هو ألوانه وأشكاله المختلفة.<br />\r\n&nbsp;</p>', 5, 3, '2020-03-03 07:48:39', '2020-05-14 14:30:50'),
(23, 'تعريف المجوهرات ، ما هي المجوهرات ، تاريخ و معلومات عن المجوهرات', '1583229075-تفسير-الذهب-في-الحلم.jpg', 'المجوهرات والجواهر هي شكل من أشكال الزينة الشخصية مثل القلادة، الخاتم، البروش، الأقراط و السوار . يمكن أن تصنع المجوهرات من أية مادة ، و لكنها غالباً ما تصنع من الأحجار الكريمة ، المعادن الثمينة أو أصداف البحر. وقد يتم تنسيق مجموعة متكاملة من هذه العناصر من المجوهرات و يطلق عليها طقم مجوهرات. العوامل المؤثرة في اختيار المواد تتنوع حسب الاختلافات الثقافية، ومدى توافر المواد. قد تكون نوعية معينة من المجوهرات موضع تقدير بسبب خصائص موادها ، تصاميمها، أو لرموز ذات معنى خاص.', 'taaryf-almjohrat-ma-hy-almjohrat-tarykh-o-maalomat-aan-almjohrat', '<p>تعريف المجوهرات ، ما هي المجوهرات ، تاريخ و معلومات عن المجوهرات</p>\r\n\r\n<p>المجوهرات والجواهر هي شكل من أشكال الزينة الشخصية مثل القلادة، الخاتم، البروش، الأقراط و السوار . يمكن أن تصنع المجوهرات من أية مادة ، و لكنها غالباً ما تصنع من الأحجار الكريمة ، المعادن الثمينة أو أصداف البحر. وقد يتم تنسيق مجموعة متكاملة من هذه العناصر من المجوهرات و يطلق عليها طقم مجوهرات. العوامل المؤثرة في اختيار المواد تتنوع حسب الاختلافات الثقافية، ومدى توافر المواد. قد تكون نوعية معينة من المجوهرات موضع تقدير بسبب خصائص موادها ، تصاميمها، أو لرموز ذات معنى خاص.</p>\r\n\r\n<p>أصل التسمية<br />\r\nفي اللغة العربية، المجوهرات أو الجواهر هي جمع جوهرة و هي الدرة الثمينة أو كل ما غلا ثمنه و علت قيمته. أما ترجمة الكلمة باللغة الإنجليزية (بالإنجليزية: Jewellery) فهي مشتقة من كلمة (بالإنجليزية: jewel) والتي تمت ترجمتها إلى الإنجليزية من كلمة (بالفرنسية: jouel) باللغة الفرنسية خلال القرن الثالث عشر.<br />\r\nو إن تم تتبع أصل الكلمة أقدم من هذا سيؤدي البحث مرة أخرى إلى كلمة (باللاتينية: jocale) والتي تعني ما يتم اللعب به أو لعبة.<br />\r\nالمجوهرات هي واحدة من أقدم أشكال الزينة على الجسم البشري، في الآونة الأخيرة تم العثور على عقد من الخرز يعتقد أنه يعود إلى مائة ألف عام قبل الميلاد، العقد مصنوع من قطع من الحلزونات البحرية و الصدف و يعتقد أن هذا العقد هو أقدم الحلي المعروفة على وجه الأرض.</p>\r\n\r\n<p>المجوهرات هي أيضا دلالة على المستوى المعيشي للأفراد. وكثيرا ما تهدى بمناسبات معينة وليصبح علامة لتلك المناسبة لترتبط دائما بهذا الحدث. كمهر لزواج أو أعياد ميلاد أو أعياد زواج، وغالبا ما تصنع من المعادن الثمينة والأحجار الكريمة.</p>\r\n\r\n<p>عائلات اشتهرت بالمجوهرات<br />\r\nوفي العصور الحديثة عُرف عن أسر حاكمة كثيرة ولعها بالمجوهرات ، واقترنت هذه المجوهرات بأسماء تلك العائلات كمجوهرات قياصرة روسيا ، ومجوهرات أسرة محمد علي باشا في مصر وغيرها. وربما من أشهر العائلات الحاكمة اقتناء للمجوهرات واهتماما بها ، هي العائلة المالكة في بريطانيا، حيث يعود تاج الملكة إليزابيث الثانية ومجموعة مجوهراتها إلى القرن السابع عشر وفيه إحدى اكبر الألماسات في العالم.</p>\r\n\r\n<p>الوظائف التي تم استخدم فيها المجوهرات<br />\r\nاستخدمها الناس كعرض للمال و الثروة و تسهيل المعاملات التجارية.كما تم تصنيعها للاستخدامات الوظيفية ، كالدبابيس ، المشابك و الأزرار.بالإضافة إلى استعمال المجوهرات في كثير من الأحيان كتمائم تحمي من الشر و تساعد على جلب الخير و الحظ حسب معتقدات مرتديها.</p>\r\n\r\n<p>المواد و طرق التصنيع<br />\r\nيتم استخدام العديد من المواد في صناعة المجوهرات تتضمن المعادن التي يتم تشكيل المجوهرات منها مثل الذهب و الفضة و البلاتين و النحاس و غيرها. كما يتم تطعيم المجوهرات إما بقطع من الأحجار الكريمة أو مواد أخرى مثل القماش.<br />\r\nوكثيرا ما تستخدم حبات المسبحة أو الخرزات في صناعة المجوهرات. قد تكون هذه الخرزات مصنوعة من الزجاج ، الأحجار الكريمة ، المعادن المختلفة أو من الخشب.</p>', 8, 3, '2020-03-03 07:51:15', '2020-05-13 14:16:07'),
(24, 'المجوهرات والحلي رمز خاص للثقافة حول العالم', '1583230712-3128186-1717153106.jpg', 'تعتبر الحلي والمجوهرات رمزاً هاماً في الحضارات والثقافات، فلا تخلو حضارة أو ثقافة من لمسة وطابع خاص يضاف إلى الحلي والمجوهرات الخاصة بها، سواء كانت من الذهب، أو النحاس، أو الأحجار الكريمة، أو حتى من الحجارة والأصداف البحرية، فكانت الشعوب تهتم كثيراً بالتميز والظهور بأفضل مظهر، ومن هنا أتى فن الحُلي، وفي ما يلي نرصد عدة نماذج من تلك الحضارات والثقافات وحليها الخاصة بها.', 'almjohrat-oalhly-rmz-khas-llthkaf-hol-alaaalm', '<p><strong>الحضارة المصرية القديمة:</strong>&nbsp;ارتدى المصريون القدماء مجموعة متنوعة من القلائد والياقات، ولكل منها رمز مختلف، وغالباً تتألف المجوهرات المصرية من عدة خيوط مطرزة بالخرز والذهب، لتجمع معاً لتشكل ياقات واسعة، ويتم ارتداؤها حول الرقبة بشكل رائع ومميز.</p>\r\n\r\n<p><strong>شعوب أفريقيا:</strong>&nbsp;المجوهرات في أفريقيا تعود إلى آلاف السنين مع العديد من المعاني والاستخدامات الهامة، والمجوهرات بمثابة رمز الحالة، أو رمز الانتماء مع قبيلة معينة، فالبعض استخدم المجوهرات المطرزة للزينة، في حين أن البعض الآخر استخدمها كنوع من العملة للتداول، والمجوهرات المطرزة تلعب دوراً هاماً في العديد من الاحتفالات الدينية في أفريقيا، والخرز في أفريقيا عادة ما يصنع من المواد العضوية، مثل: الحجارة، والقذائف، والعاج، والعظام، والعنبر، في كينيا كانت الخرزة تصنع مرة واحدة من بيض النعام.</p>\r\n\r\n<p><strong>الثقافة اليونانية:</strong>&nbsp;هناك سلاسل من الخرز الملون تشكل سبحة من مزيج من الزجاج أو العنبر والسلاسل مع حبة رأس على طرف واحد وطرف خيط من جهة أخرى، وكان يستخدم اليونانيون تلك السبحة في التعبد أيضاً، والتخلص من الإجهاد، والمساعدة في التأمل، والفيروز كان رمزاً للنقاء، وغالباً ترتديه العرائس.</p>\r\n\r\n<p><strong>شعوب التبت الآسيوية:</strong>&nbsp;هذه الشعوب من غرب الصين تستمد الرمزية من التغيير التدريجي للحجر، لذا يرتدون التدرج من الأزرق إلى الأخضر، هذا اللون يمثل الحكمة التي تكتسب في الحياة، كما أنه يمثل فكرة هامة عن الحياة والموت، والأساور والمعلقات الفيروزية هي أنواع شائعة من المجوهرات بين التبتيين.</p>\r\n\r\n<p><strong>الحضارة الرومانية</strong>: تميزت المجوهرات الرومانية القديمة بالاهتمام بالأحجار الكريمة الملونة والزجاج، كما ركزت أساساً على إنتاج المعادن عالية الجودة من قبل الحرفيين الممارسين، وكانت هناك أنواع مختلفة من المجوهرات ترتديها مختلف الأجناس والطبقات الاجتماعية في روما، واستخدمت لأغراض جمالية ولتوصيل الرسائل الاجتماعية للحالة والثروة.</p>\r\n\r\n<p>شكلت تلك المجوهرات تاريخاً أثرياً كبيراً وهائلاً يعبر عن مدى اهتمام تلك الشعوب القديمة بالمجوهرات والإكسسوارات، والتي كان غالباً يرتديها أصحاب الشأن الرفيع في البلاد، بل وكانت أيضاً تدفن معهم في حال وفاتهم كنوع من التكريم والاستعداد للحياة الأخرى.</p>', 9, 3, '2020-03-03 08:18:32', '2020-05-23 09:05:12'),
(25, 'طرق العناية بالبشرة يومياً', '1583237607-2ebd13cd-8fe1-4043-b0f2-4e091e992aa1.jpg', 'العناية بالبشرة مهما كان نوع البشرة لا بُدّ من العناية بها يومياً، حتى تُحافظ على نضارتها وحيويتها، وبالرغم من توفر العديد من المنتجات التي قد تجعل السيدة تقع في الحيرة لاختيار الأنسب فيما بينها، إلا أنّ هناك عادات أساسية يجب اتباعها للعناية اليومية بالبشرة، وسنتعرف على أهم الخطوات للعناية اليومية بالبشرة.', 'trk-alaanay-balbshr-yomya', '<p>طرق العناية بالبشرة يومياً من أهم طرق العناية بالبشرة يومياً نذكر الآتي: يجب تنظيف البشرة مرتين يومياً، وذلك باستخدام المنتج الأنسب لنوع البشرة، فبالإضافة إلى أنّ التنظيف اليومي يُحافظ على صحة البشرة، فإنّه يحميها من المشاكل الجلدية، كما أنّ التنظيف يُكافح العيوب التي تظهر على الوجه، ويجب مراعاة البشرة الحساسة عند اختيار الغسول المناسب لها؛ إذ يجب استخدام منتجٍ لطيفٍ على البشرة، وكذلك من يعانون من حب الشباب. إزالة شعر الوجه، وهذا يضمن نظافة الوجه إلى جانب المظهر الجميل له، ويُمكن استخدام العديد من الوسائل لهذا الغرض، ولعل أكثرها شيوعاً استخدام الشمع الخاص بإزالة شعر الوجه.&nbsp;الحفاظ على ترطيب البشرة خاصةً إن كانت من النوع الجاف، وذلك باستخدام مرطبٍ لطيف للحفاظ على بشرةٍ ناعمة ومشرقة.&nbsp;الاهتمام بالمناطق الحساسة في الوجه، مثل محيط العينين، والشفاه حيث تحتاج هذه المناطق لعنايةٍ خاصة. إزالة المكياج باستخدام منتجٍ خاصٍ يُحافظ على توازن البشرة الطبيعي.&nbsp;تقشير البشرة مرة أو مرتين في الأسبوع، وهو أمرٌ لا غنى عنه للعناية بالبشرة، ويجب اختيار منتجٍ يُحافظ على الرقم الهيدروجيني الطبيعي في البشرة، فهو مثالي لتنعيم البشرة.&nbsp;استخدام كريم للوقاية من أشعة الشمس بشكلٍ يومي، حتى لو كان الجو بارداً فأشعة الشمس تضر البشرة مهما كانت درجة حرارتها، وتزيد من ظهور التجاعيد. شُرب ما لا يقل عن ثمانية أكواب من الماء يومياً.&nbsp;تناول الخضروات التي ترفع هرمون الأستروجين، حيث إنه مهمٌ للحفاظ على ليونة البشرة، ويعد البروكلي من أهم الأطعمة التي تحتوي على الأستروجين، ويحتوي أيضاً على مضاداتٍ للأكسدة إلى جانب فيتامينات A وC. تجنُب تناول كميات كبيرة من السكريات؛ لما لها من أضرارٍ على صحة الجلد، حيث تزيد من علامات تقدم السن عن طريق إطلاق الجذور الحرة، إلى جانب زيادة التعرض للالتهابات الجلدية التي تُدمر خلايا الجلد والبشرة. تناول الأطعمة التي تحتوي على أوميغا 3، فهو من أهم الأحماض الدهنية الأساسية لصحة الجسم والجلد أيضاً، وهو متوفرٌ في سمك السلمون، والتونة، والجوز، والمكسرات، والبذور. عدم العبث بحب الشباب، ومن الأفضل عدم لمس الوجه في حال وجود بثور أو أي مشاكل، حيث يوجد زيوت على اليدين من شأنها سد المسامات الموجودة في الوجه. ترطيب الشفاه باستمرار، ومن أبسط الطرق لذلك استخدام مرطب الماء والسُكر، حيث يتم تحضير محلولٍ من الماء والسكر ومن ثم فرك الشفاه بهما، وهذه الطريقة تُزيل الخلايا الميتة وتُجدد خلايا الشفاه الميتة كما تحميها من التشقق. التقليل من تناول الأطعمة الحارّة والمالحة وكذلك الحامضة، بالإضافة إلى الأطعمة المقلية، واستبدالها بتناول الأرز والشوفان والتفاح، وهذا للحفاظ على البشرة.&nbsp;ممارسة الرياضة بانتظام، مثل الجري، واليوغا، التي تُعزز عمل الدورة الدموية في الجسم، كما أنّ الرياضة تُطهر الجسم من السموم من خلال إفراز العرق بعد المجهود الذي يتم خلال ممارستها، ومن الأفضل استخدام التونر قبل ممارسة الرياضة، وعمل تقشير للبشرة بعدها، ومن ثم ترطيب البشرة باستخدام زبدة الشيا أو زيت الزيتون.النوم لمدة لا تقل عن ثماني ساعات كل ليلة، حيث إن قلة النوم تجعل البشرة تبدو متعبةً وغير جميلة، ويُمكن تطبيق قناع العسل مرتين إلى ثلاث مرات يومياً لإعادة النضارة إلى البشرة المتعبة، ولا يجب نسيان تنظيف البشرة قبل الخلود للنوم.استشارة الطبيب عند حدوث أي تغيّرات واضحة على الجلد والبشرة، وهذا للوقاية من سرطان الجلد، ولهذا يجب الكشف والمتابعة كل ثلاثة أشهر.<br />\r\n<br />\r\n&nbsp;</p>', 6, 4, '2020-03-03 10:13:27', '2020-05-17 20:20:30'),
(26, 'أقنعة منزلية للعناية بالبشرة', '1583238010-74411f7d-9cb5-44b2-bb0e-68c6a8167353.jpg', 'بالإضافة لما سبق يُمكن استخدام أي من الأقنعة الآتية وتضمينها في برنامج العناية اليومي للحفاظ على بشرةٍ مشرقة وصحية، ومن هذه الأقنعة :', 'aknaa-mnzly-llaanay-balbshr', '<p>قناع الموز يُمكن استخدام الموز كقناعٍ طبيعي لترطيب البشرة وجعلها أكثر نعومةً، وذلك من خلال هرس ثمرةٍ من الموز متوسطة الحجم، وتوزيعها على الوجه والرقبة، مع تركها لمدةٍ تتراوح ما بين عشرة إلى عشرين دقيقة، ومن ثم غسل الوجه بالماء البارد. خل التفاح يُمكن عمل محلولٍ مكوّنٍ من ملعقةٍ كبيرةٍ من خل التفاح مع كوبين من الماء، واستخدامه بعد غسل الوجه، وهذا الغسول يعمل على شد البشرة وتطهيرها.&nbsp;قناع الحليب يُمكن تحضير قناع مكوّن من ربع كوب من الحليب مع ما يكفي من الماء، لصنع ما يُشبه العجينة وتطبيقه على الوجه، ومن ثم ترك المزيج حتى يجف، ويتم بعدها غسل الوجه بالماء الدافئ. قناع الخيار وعصير الليمون يمنح الخيار البريق المطلوب للبشرة، كما يُساعد على علاج الحروق الناجمة عن التعرض لأشعة الشمس، وهذا القناع مناسب للبشرة الدهنية ويُمكن تحضيره من خلال الطريقة الآتية:&nbsp;المكونات ملعقة كبيرة من عصير الخيار. ملعقة صغيرة من عصير الليمون. ملعقة صغيرة من الكركم. ملعقة صغيرة من الجليسرين &quot;في حال كانت البشرة جافة &quot;. طريقة التحضير تُخلط جميع المكونات معاً ثُم تُستخدم قطنة لتوزيع القناع على الوجه، ويُمكن وضعه على المنطقة حول العينين. يُترك القناع لمدة ربع ساعة، ومن ثم يُغسل الوجه بالماء البارد. يُستخدم هذا القناع يومياً لمدة أسبوع للحصول على بشرةٍ براقة، ولا يُضاف الجليسرين إن كانت البشرة دهنية.<br />\r\n&nbsp;</p>', 5, 4, '2020-03-03 10:20:10', '2020-05-11 12:07:45'),
(27, 'كيفية الإعتناء بالبشرة الدهنية', '1583238229-774ab69487c6cd4971b3a63ccc0cdf4439c84688.jpg', 'البشرة الدهنيّة من أكثر أنواع البشرة تعرّضاً للعديد من المشكلات التي تصيبها مقارنة مع الأنواع الأخرى، كظهور البثور السوداء، والحبوب، والبقع السوداء، وللتخلّص من هذه المشكلات التي الاعتناء بشكل خاص بالبشرة الدهنيّة.', 'kyfy-aleaatna-balbshr-aldhny', '<p>خطوات العناية بالبشرة الدهنيّة هناك العديد من الخطوات التي يجب القيام بها للاعتناء بالبشرة الدهنيّة وهي:&nbsp;العناية الروتنية تضم خطوات العناية الروتنية بالبشرة الدهنيّة، ما يلي:&nbsp;العناية بنظافة الوجه ويكون ذلك من خلال غسله مرتين في اليوم الواحد، على أن يتمّ غسله مرّة في الصباح الباكر ومرّة أخرى قبل الذهاب إلى النوم، مع مراعاة تجنّب القيام بذلك لأكثر من مرتين، وذلك لكي يحافظ الوجه على مكوّناته الطبيعية والخاصة بعمليّة الترطيب، بالإضافة إلى عدم غسله في فترة وسط النهار، إلّا في الحالات الضروريةّ والتي يكون فيها الوجه متعرقاً بشكل كبير. الاهتمام بعملية التقشير للبشرة الدهنيّة، ويكون ذلك من خلال تقشير البشرة مرة واحدة كل أسبوع، وتكمن أهمية عملية التقشير في تنظيف البشرة وتخلّصها من الأوساخ والجراثيم والزيوت. المواظبة على استعمال المستحضرات الخاصّة بالبشرة الدهنيّة، مع مراعاة أن تكون ذو نوعية نظيفة وناعمة، ويجب أن تحتوي على العديد من المكوّنات الضرورية للبشرة الدهنيّة كبيروكسيد البنزويل، وحمض الغليكوليك، وحمض الساليسليك. العناية الوقائية تضم خطوات العناية الوقائية بالبشرة الدهنيّة، ما يلي:&nbsp;تجنّب تدليك الوجه عند القيام بعملية غسله وتنظيفه؛ وذلك لأنّ عملية التدليك تؤدّي إلى زيادة الإفرازات الدهنيّة. عند القيام باستخدام مستحضر التونيك، يجب أن يتم استخدامه على المناطق الدهنيّة فقط كمنطقة الجبين والأنف. الاستعمال الدائم والمنتظم للمرطبات الخاصة بالبشرة الدهنيّة، وذلك لأنّ هذا النوع من البشرة يحتاج بشكل كبير لاستعمال المرطبات الخالية من أيّ زيوت. الاختيار الصحيح لكريم الأساس والمستحضرات الخاصة بالمكياج، وأفضل الأنواع هي التي تحتوي على التركيبة السائلة والهلامية أو البودرة، وفي الحالات التي يتم فيها استعمال المستحضرات ذات التركيبة السائلة، يجب أن تكون خالية من أي زيوت، بالإضافة إلى تركيزه بشكل أساسي على الماء. في الحالات التي يتعرض لها الوجه لإفراز كمية كبيرة من الدهون في فترة النهار، يمكن استخدام المحارم ذات القدرة الامتصاصية العالية، من أجل التخلّص من هذه الدهون والحصول على بشرة منتعشة ومتجدّدة وذات حيوية. الابتعاد كل البعد عن لمس الحبوب والبثور الموجودة على البشرة بأي شكل من الأشكال، وذلك لتجنب حدوث بقع ذات لون أحمر وندوب على الوجه. ميزة البشرة الدهنية على الرغم من السلبيات الموجودة في البشرة الدهنيّة، إلّا أنّها تتميّز بعدم ظهور التجاعيد على الوجه، وتأخّر ظهور علامات الكبر والشيخوخة، مقارنة مع غيرها من الأنواع الأخرى وخاصة البشرة الجافة، فهي من الأنواع التي تعطي الوجه الحيوية والنظارة والنشاط.<br />\r\n&nbsp;</p>', 7, 4, '2020-03-03 10:23:49', '2020-05-25 18:02:15'),
(28, 'العناية بالشعر', '1583653030-العناية_بالشعر.jpg', 'العناية بالشّعر يتعرّض الشّعر بمختلف أنواعه كالدُّهني والجاف والنّاعم والمجعّد وغيرها من الأنواع للعديد من المشاكل التّي تفقده المظهر الصّحي والجميل كجفاف الشّعر أو تساقطه وغيرها من المشاكل، فالشّعر الصّحي والجميل يمنحُ الثّقة للسّيدة، وهناك عدّة خطواتٍ، ووصفاتٍ طبيعيّة سهلة التّحضير وغير مكلفة ولا تحتاج إلى الوقت وفعّالة في علاج مشاكل الشّعر والعناية به سنفصل الحديث عنها في هذا الموضوع.', 'alaanay-balshaar', '<p>خطوات ونصائح للعناية بالشّعر تناول الغذاء الصّحي، فالبروتينات والأوميغا 3 الموجودان في السّلمون والجوز ضروريّان لصحّة فروة الرّأس.</p>\r\n\r\n<p>غسل الشّعر بالماء الدّافئ وليس الساخن، وذلك للحفاظ على لمعانه.تجنُّب علاج قشرة الرّأس باستخدام الزّيوت، فهي تزيد المشكلة سوءاً.تجنُّب تعريض الشّعر بكثرة لأشعّة الشّمس، فهي تسبّب له الجفاف لذلك ينصحُ بوضع المنتج الواقي من الشّمس الخاصّ بالشّعر أو ارتداء القبّعة للوقاية من الشّمس.&nbsp;اختيار نوع الشّامبو المناسب لنوع وطبيعة الشّعر، فهناك أنواعٌ للشّعر الدّهني وأنواعٌ للشّعر الجاف.تجنُّب استخدام مجفّف الشّعر الكهربائي على الشّعر الرّطب، وإنّما يفضَّل ترك الشّعر أولاً ليجفَّ بشكلٍ طبيعيٍّ.تزييت الشّعر بانتظام، للعناية بفروة الرّأس ولزيادة نموّ الشّعر، وذلك باستخدام زيت جوز الهند أو زيت الزّيتون أو زيت اللّوز.&nbsp;قصّ وتطريف الشّعر بانتظام، وذلك للمساعدة على نموّ الشّعر وتقويته، فينصح بقصّ أطرافه كلّ 6 أو 8 أسابيع.&nbsp;تمشيط الشّعر صباحاً وقبل النّوم، فعمليّة التّمشيط تعمل على توزيع الزّيوت الطّبيعيّة بالتّساوي على أجزاء الشّعر وبالتّالي تمنحه اللّمعان.&nbsp;استخدام البلسم المناسب، فالبلسم يجعلُ الشّعر أنعم وأكثر لمعاناً.تجنُّب استخدام صبغات وملوّنات الشّعر، فهي تتلف الشّعر لاحتوائها على موادٍ كيميائيّة تضرُّ بالشّعر لذلك في حال الرّغبة بصبغ الشّعر ينصح باستخدام الصّبغات الطّبيعيّة.<br />\r\n<br />\r\n&nbsp;</p>', 4, 5, '2020-03-08 05:37:10', '2020-05-11 12:07:50'),
(29, 'طرق الاهتمام بالشعر', '1583654065-6141311-71667204.jpg', 'كل امرأة ترغب بالحصول على شعرٍ حريري، والشعر هو جزءٌ لا يتجزأ من بنية البشرة، ويتغيّر أيضًا مع مرور الوقت مثل الجلد، لذا يجب عليكِ الحفاظ عليه؛ لحمايته من المشاكل العديدة التي قد تواجهه، وهذا المقال يوضح طرق الاهتمام به.', 'trk-alahtmam-balshaar', '<p>نصائح للعناية بالشعر هذه مجموعة من النصائح للعناية اليومية بالشعر:</p>\r\n\r\n<p>&nbsp;لا تغسلي شعرك كل يوم؛ وهذه أهم نصيحة ففي حين قد تظني أنّ هذا صحي جداً،وهو على العكس تماماً، فما يفعله هو الجفاف، وتلف شعرك، وتجريده من الزيوت الطبيعية، وجعله أكثر عرضةً للتساقط. جففي شعرك جيداً؛ استخدمي منشفةً من الألياف الدقيقة لتنشيف شعرك بمجرد الخروج من الحمام، وتجنّبي استخدام منشفةً قطنية؛ لأنها قد تجعل شعرك متشابكاً، وتزيد من تجعده، وتجنبي تجفيف الشعر بالحرارة الناتجة عن مجففات الشعر؛ لأنّها تدمر شعرك بنفس القدر الذي تسببه أدوات تصفيف الشعر، وعليكِ أن تضعي بلسماً لجميع أنحاء الشعر الرطب. مشّطي شعرك بمشطٍ ذو أسنان واسعة، أثناء وجود البلسم عليه؛ ليصبح شعركِ ناعمًا ولامعاً. لا تربطي شعرك بشدّة، أو تصفيفيه على شكل كعكة، أو ذيل الحصان؛ لأنّها قد تتلف شعرك وبصيلاته، وتعمل على زيادة تساقطه، كما يمكن أن تسبب الأصابة بصداع الرأس. استخدمي الزيت، قومي بفرك القليل من أيّ زيت الشعر، كزيت الزيتون، أو زيت اللوز، أو زيت الأرغان، على أطراف شعرك قبل الذهاب إلى الفراش لمنحه ترطيباً جيداً. اربطي شعرك بدون شدّه، اربطي شعرك برفقٍ إذا كنتِ تحبين النوم وشعركِ مربوط، والأفضل لكِ عدم تقييد شعركِ أثناء النوم. احرصي على تناول الغذاء الصحي؛ إذ يعتمد جزءٌ كبير من العناية بالشعر على نوع الطعام الذي تتناوليه.<br />\r\n&nbsp;</p>', 6, 5, '2020-03-08 05:54:25', '2020-05-31 01:21:34'),
(30, 'طرق الإهتمام بالشعر في فصل الشتاء والصيف', '1583659195-العناية-بالشعر-1.jpg', 'العناية بالشعر في فصل الصيف خلال فترة الصيف قد تواجهي العديد من المشاكل في شعرك؛ فأشعة الشمس القاسية قد تمتص الرطوبة من شعرك، وقد تشعري بمشكلة الشعر الجاف نتيجةً لذلك، وقد تكون هذه المشاكل ناتجةً أيضاً عن تراكم العرق على فروة الرأس.', 'trk-alehtmam-balshaar-fy-fsl-alshta-oalsyf', '<p>طرق الإهتمام بالشعر في فصل الشتاء والصيف.</p>\r\n\r\n<p>وفيما يأتي أهم الطرق للعناية بالشعر في فصل الصيف: إحمِ شعرك من أشعة الشمس الحارقة والتلوث؛ إذ يمكن أن تتسبب الأشعة فوق البنفسجية في تلف الغطاء الخارجي لشعرك. لا تستخدمي الشامبو لشعركِ يومياً؛ لأنه يمنعه من الرطوبة الطبيعية. تجنّبي الاستحمام بالماء الساخن. ضعي المنشفة علی شعركِ برفقٍ للضغط علی الماء الزائد، وبعد ذلك دعيه يجف بطریقةٍ طبیعیة. استخدمي شامبو مرطبٍ لطيف في الصيف، وتجنبي الإفراط في استخدام المواد الكيميائية على شعرك. حافظي على رطوبة شعرك عن طريق القيام بالتكييف العميق، والتدليك المنتظم للشعر بالزيت. ارتدي قبعة لحماية شعرك من أشعة الشمس بطريقة لا تُقيّد الدورة الدموية في فروة رأسك. استخدمي قناع إصلاح الشعر بعد أن يتعرض شعرك لأشعة الشمس الضارة لفترةٍ طويلة. اشربي الكثير من الماء لصحة شعرك الطبيعية.</p>\r\n\r\n<p>العناية بالشعر في فصل الشتاء في الشتاء يصبح الجو جافاً؛ لانخفاض الرطوبة فيه، وهذا يجعل الشعر جافاً وهشّاً، وتصبح الزيوت الطبيعية للشعر غير كافية في الشتاء لإبقائه قوياً وصحياً، ولهذا السبب يحتاج الشعر لمكملات للمحافظة عليه، وفيما يأتي مجموعة من الطرق للعناية بالشعر في الشتاء: قومي بعدم تعريض شعرك لدرجات الحرارة الباردة التي لها تأثيرٌ في تجفيف شعرك، والأدوات الحرارية، مثل مجففات الشعر. قبل الخروج من المنزل، دعي شعرك يجف طبيعياً حيث يمكن أن تؤثر الرياح الباردة سلبًا على الشعر الرطب. استخدمي دائما ماء فاتر أو ماء بارد للاستحمام، وغسل شعرك؛ لأنّ استخدام الماء الساخن مميت لكل من شعرك وجلدك. استخدمي الزيوت لتدليك فروة رأسك دون إفراط. اتّبعي نظاماً غذائياً صحياً.</p>', 6, 5, '2020-03-08 07:19:55', '2020-05-31 01:27:21'),
(31, 'مراحل تصميم الأزياء وأنواعها', '1583742563-موضوع-عن-الازياء-825x510.jpg', 'نقد إليكم موضوع عن الأزياء وأبرز تفاصيله, فعالم الموضة من الأمور التي تشغل أذهان الكثير من النساء,فتحرص السيدات علي التعرف علي جميع صيحات الموضة من أجل إرتداء أفخم الملابس, فكثرة الاهتمام بهذا المجال أدي إلي إنشاء بيوت الأزياء في كثير من دول العالم مثل فرنسا, إلي جانب وجود العديد من الماركات العالمية مثل جوتشي.\r\nإذا نظرنا إلي أشهر مصممي الأزياء في العالم العربي في الوقت الحالي سنجد من أبرزهم إيلي صعب , زهير مراد , سامو هجرس , رامي العلا , أما علي مستوي العالم فمن أهمهم , جورجيو أرماني وفالنتينو غرفاني وكارل لاغرفيلد , وسنلقي الضور وعلي تصميم الأزياء ومراحل تطورها.', 'mrahl-tsmym-alazya-oanoaaaha', '<p>&nbsp;</p>\r\n\r\n<p>تعلّم تصميم الأزياء تعلّم تصميم الأزياء ليس بالأمر السهل ولكنه ليس مستحيلاً، إلا أن تصميم الأزياء يحتاج إلى مجموعة من المهارات والقدرات الممتازة في الرسم، والتصميم، والمعرفة بعالم الأزياء، والخياطة، وأيضاً يتطلب مثابرة وإصرار شديدين وقدرة على التحمل والصبر، إلّا أنّ هذا الأمر لا يمنعك من تعلم تصميم الأزياء لذلك عليك أن تتبّع مجموعة من النصائح التي سأقدمها لك لتصبح مصمم أزياء: يمكنك الحصول على شهادة في تصميم الأزياء، هذه الشهادة تحتاج منك للدراسة من ثلاث إلى أربع سنوات، فمعظم من حصل على شهادة في تصمميم الأزياء كانوا قد حصلوا على دبلومٍ في الديكور أو أي تخصص شبيه، ثم أكملوا دراستهم في مجال تصميم الأزياء. لمن لا يفضل مقاعد الدراسة ويرى أن الخبرة العملية مفيدة أكثر من المدرسة، عن طريق تقديم طلبٍ للحصول على تدريب، أو الإشتراك في احدى مسابقات تصميم الأزياء. أمّا إذا كان صعباً عليك دراسة تصميم الأزياء أو الحصول على تدريب، فإنّه يمكنك تعلم تصميم الأزياء من المنزل عن طريق الإنترنت، حيث يوجد الكثير من المواقع التي تقدم دروساً في تصميم الأزياء، فمثلاً هناك الكثير من القنوات على موقع يوتيوب المتخصصة بتقديم دروسٍ في تصميم الأزياء، بالإضافة إلى مواقع كثيرة أخرى يمكنك إيجادها عن طريق البحث عن بعض الكلمات المفتاحية على جوجل مثل تصميم الأزياء، وتعلم تصميم الأزياء، وغيرها. يمكنك أيضاً الاستفادة من المصممين الآخرين سواء أكانوا محليين أو عالميين، ليس فقط أسلوب عملهم أو أعمالهم التي يقدمونها في كل موسم، بل أيضاً عليك أن تعلم ماضيهم وخلفياتهم وكيف أصبحوا ما هم عليه الآن؛ لأنّ هذا سيشجعك على المواظبة في عملك لتكون مصمم أزياءٍ ناجحاً. عليك أن تطور مهاراتك في الخياطة واذا لم تتعلمها بعد فعليك أن تبدأ بتعلمها، لأنّه لا يمكنك أن تكون مصمم أزياء من دون أن تتعلم الحياكة وتتعلم كل ما يتعلق بها، وتتعلم كيف تتعامل مع كافة أنواع الأنسجة. عليك أيضاً أن تحرص دائماً على تطوير مهاراتك في الرسم والتصمميم، فمثلاً قم بأخذ دروس في الرسم سواء أكان ذلك عن طريق دورة خاصةٍ بالرسم أو عن طريق الإنترنت، دائماً امسك قلمك قم بالرسم والتصميم حتى لو كانت مجرد أشياءٍ عشوائية، وعليك أيضاً أن تحتفظ بأفضل أعمالك في مكانٍ واحد كمحفظة لاستخدامها في ما بعد. اهتم بشحذ كافة المهارات السابق ذكرها في سنٍ مبكرة حتى تتمكن من أن تكون مصمم أزياءٍ ناجحاً. عليك أن تعلم أن تصميم الأزياء مقابل المهارات التقنية يحتاج أيضاً إلى مهارات متعلقة بشخصيتك كمهارات التواصل مع الآخرين، والقدرة على العمل لساعات طويلة ولوقتٍ متأخرٍ من الليل، والقدرة على العمل تحت الضغط، وتقبل كافة الأراء والنقاد، وأيضاً عليك أن تتحلّى بالانضباط والالتزام لعملك، وإن لم تتحلّى بهذه الصفات فعليك أن تتخلى عن فكرة تصميم الأزياء لأنّها لا تناسبك ولا تناسب شخصيتك.</p>', 14, 1, '2020-03-09 06:29:23', '2020-05-26 00:57:26'),
(32, 'مفهوم الطبخ وأهميته', '1583926036-مفهوم_الطبخ.jpg', 'الطبخ هو عبارةٌ عن عمليةٍ يتمّ من خلالها دمج الأطعمة، وإضافة البهارات، والتوابل والمنكهات المختلفة إليها بأساليبَ، وطرقٍ مختلفةٍ بهدف جعلها جاهزة للأكل، وقد اختلف مفهوم الطبخ في العصر الحديث عن العصور القديمة فلم يعد الطبخ مهماً من أجل سدّ الجوع فقط، بل أصبح يهتم بالتفنّن في تحضير، وتقديم الأطباق المختلفة، والتنافس على إظهارها بأجمل الأشكال، وأغنى المكوّنات.', 'mfhom-altbkh-oahmyth', '<p>أهمية الطبخ تغيير قوام، ونكهة، وشكل، الأكل، فلا يمكن للإنسان الاستمتاع بتناول اللحوم النيئة، فمن المعروف بأنّ للطبخ قدرةٌ على تحويل هذه اللحوم إلى طعامٍ قابلٍ للأكل، كما أنّ الطريقة المتبعة في الطبخ هي التي تؤثر تأثيراً مباشراً على نكهة الطعام، فنكهة الشوي تحتلف مثلاً عن نكهة السلق، وتختلف أيضاً عن القلي. مساعدة الجسم في هضم الطعام بشكلٍ أفضل بعد الطهي، فالجسم قد لا يستطيع الوصول إلى كافة العناصر الغذائية التي يحتاجها من خلال الطعام النيئ، حيث إنّ الطبخ يساعد على تفاعل العناصر الغذائية معاً، وبالتالي استفادة الجسم منها. تدمير ملوثات الطعام المختلفة، فالأكل بأنواعه المختلفة يعتبر بيئةً مناسبةً للجراثيم، والفطريات، والبكثيريا، والفايروسات، ومن خلال الطبخ يتم قتل معظم هذه الملوثات.<br />\r\n<br />\r\nطرق الطبخ الأساسيّة الشوي: حيث يتم من خلال هذه الطريقة طهي الطعام على درجات حرارةٍ عالية على الفحم، أو حجر السيراميك، ممّا يؤدّي إلى تحمر الأطعمة المختلفة وإعطائها نكهةً وطعماً خاصّاً، وأكثر أنواع الطعام المناسبة للشوي هي الأطعمة التي تتطلب وقتاً طويلاً في نضجها ولكن يفضل تقطيعها إلى أحجامٍ صغيرةٍ كاللحم مثلاً؛ لضمان نضجها من الداخل تماماً كالخارج، وتكمن الصعوبة في هذا النوع من الطهي في الوصول إلى درجة نضج الطعام بالشكل المطلوب دون تحميرِ، أو حرق الأطعمة أكثر من اللازم، ويمكن التحكم في درجة النضج عن طريق تقريب الطعام، أو إبعاده عن مصدر الحرارة. التحمير: بحيث يتم طهي الأطعمة المختلفة داخل الفرن عن طريق تحمير الأطعمة بواسطة الهواء الساخن الذي ينتشر حول الطعام، وهذه الطريقة مناسبةٌ للأطعمة المختلفة خصوصاً الأطعمة التي تحتاج إلى وقتٍ طويلٍ لتنضج بالإضافة إلى قطع اللحوم الكبيرة. القلي العميق: حيث يتمّ طهي الطعام بهذه الطريقة عن طريق وضعه داخل زيتٍ حارٍّ حيث تنضج الأطعمة المختلفة نتيجة درجة الحرارة العالية للزيت، وتعطي هذه الطريقة شكلاً ونكهةً خاصّة للأطعمة، بالإضافة إلى القرمشة التي تضيفها إلى الأطعمة، وهذه الطريقة مناسبة لقطع الطعام متوسطة الحجم، بحيث تكون متساويةً تقريباً في حجمها عند وضعها في نفس المقلاة، كما أنّها ممتازة للأكل الذي لا يحتاج إلى وقتٍ طويلٍ للنضج، ومن المعروف بأنّ هذه الطريقة سريعةٌ جداً، وعمليةٌ، ولكن لا ينصح الأخصائيون بالإكثار منها؛ بسبب كثرة الدهون الناتجة عنها، وبالتالي حدوث الأضرار الصحيّة.<br />\r\n&nbsp;</p>', 10, 6, '2020-03-11 09:27:16', '2020-05-27 08:38:57'),
(33, 'كبسة ريش اللحم', '1583926469-6a4cce2837f38cf21ca40513828af05f_w750_h750.jpg', 'المقادير\r\n- أرز بسمتي : 2 كوب (مغسول بماء بارد)\r\n- مرق اللحم : 3 أكواب ونصف\r\n- بهار كبسة : ملعقة كبيرة\r\n- معجون الطماطم : ملعقة كبيرة\r\n- البصل : 1 حبة (مفروم)\r\n- لومي : 1 حبة\r\n- القرفة : عود\r\n- سمن : 2 ملعقة كبيرة\r\n- الزيت النباتي : 2 ملعقة كبيرة\r\n- ملح : ملعقة كبيرة\r\n- فلفل أسود : نصف ملعقة صغيرة\r\n- لحم الريش : 8 قطع', 'kbs-rysh-allhm', '<h3>طريقة التحضير</h3>\r\n\r\n<ol>\r\n	<li>سخني نصف كمية الزيت والسمن في قدر سميك على نار متوسطة إلى عالية.</li>\r\n	<li>أضيفي ريش اللحم وقلبيها لمدة 5 دقائق حتى تصبح بنية اللون وتتحمر.</li>\r\n	<li>أضيفي الملح والفلفل الأسود وحبة اللومي والقرفة واغمريها بالماء وغطي القدر واتركيه يغلي على نار متوسطة لمدة 50 دقيقة أو حتى نضوج&nbsp;اللحم.</li>\r\n	<li>صفي المرق واحتفظي بثلاث أكواب ونصف&nbsp;منه.</li>\r\n	<li>في قدر آخر غير لاصق سخني باقي كمية السمن وضعي البصل وقلبي لمدة 5 دقائق.</li>\r\n	<li>أضيفي معجون الطماطم وبهارات الكبسة واخلطي لمدة 3 دقائق ثم ضعي قطع اللحم والأرز واضبطي الملح والفلفل وأضيفي مرق اللحم واتركي المزيج حتى يغلي.</li>\r\n	<li>خففي النار وغطي القدر واتركيه لمدة 25 دقيقة حتى ينضج الأرز.</li>\r\n	<li>اسكبي الأرز والريش في طبق التقديم وزينيه بالمكسرات حسب الرغبة وقدميه ساخناً إلى جانب الدقوس واللبن الزبادي حسب الرغبة.</li>\r\n</ol>', 6, 6, '2020-03-11 09:34:29', '2020-05-28 17:05:39'),
(34, 'نجرسكو الدجاج', '1583926653-2971ef9d05f885e9bdaaede5dd996ff9_w750_h750.jpg', 'المقادير\r\n- معكرونة : كيس\r\n- صدر الدجاج : 4 صدور (كبير الحجم)\r\n- البصل : 2 حبة (كبير الحجم)\r\n- فلفل رومي : 2 حبة (متوسط الحجم)\r\n- ثوم بودرة : نصف ملعقة صغيرة\r\n- بودرة البصل : نصف ملعقة صغيرة\r\n- ملح : ملعقة صغيرة\r\n- فلفل أسود : ملعقة صغيرة\r\n- الزيتون : 4 ملاعق كبيرة (شرائح)\r\n- جبنة شيدر : ربع كوب (مبشورة)\r\n- الجبن الرومي : ربع كوب (مبشور)\r\n- مرق دجاج : 2 مكعب\r\n- حليب : كوب ونصف\r\n- دقيق : 3 ملاعق كبيرة\r\n- الزبدة : 3 ملاعق كبيرة\r\n- الزيت : 2 ملعقة كبيرة\r\n- البيض : 1 حبة (أحمر)\r\n- بقدونس : ملعقة كبيرة (مفروم)\r\n- ريحان : ملعقة صغيرة (اختياري)\r\n- الليمون : 1 حبة (كبير الحجم)', 'njrsko-aldjaj', '<h3>طريقة التحضير</h3>\r\n\r\n<ol>\r\n	<li>قومي بتقطيع صدور الدجاج وضعيها مع بصلة مفرومة ناعم وملح وفلفل وبهارات وعصير الليمونة واتركيها في الثلاجة ليتم تتبيلها وتتشرب بالنكهة.</li>\r\n	<li>قومي بعمل صوص البشاميل من خلال وضع ملعقة من الزبدة في وعاء على النار مع إضافة الدقيق والتقليب بسرعة حتى لا يتكتل الدقيق ويصبح لونه أصفر.</li>\r\n	<li>في وعاء آخر أضيفي اللبن ومرق الدجاج إلى أن تذوب فيه، ثم صبيه على خليط الدقيق والزبدة وقلبي بمضرب سلك وأبعديه عن النار حتى يتفكك الدقيق ثم أعيديه على النار مرة أخرى مع التقليب حتى يصبح القوام أكثر تماسكاً.</li>\r\n	<li>أضيفي الجبنة الشيدر والجبنة الرومي المبشورة والفلفل الأسود إلى البشاميل حتى تذوب الجبنة ويصبح الخليط سميك القوام.</li>\r\n	<li>اسلقي المكرونة في ماء مغلي مملح وبه قليل من الزيت.</li>\r\n	<li>قومي بوضع ملعقة زبدة وملعقة زيت في مقلاة كبيرة وضعي البصلة المفرومة واتركي البصل حتى يذبل، ثم أضيفي قطع الدجاج مع التتبيلة وباقي كمية التوابل وحركي لمدة&nbsp;10 دقائق ثم أضيفي شرائح الفلفل الرومي.</li>\r\n	<li>صفي المكرونة واخلطيها مع الزيتون والدجاج والتوابل حتى تندمج المكونات وضعيها في صينية فرن مدهونة بالزيت.</li>\r\n	<li>اخفقي بيضة وأضيفيها لصوص البشاميل ثم ادمجي ثلاث أرباع&nbsp;الصوص مع المكرونة والدجاج، ثم صبي الباقي على الوجه مع رشة من الجبنة الشيدر.</li>\r\n	<li>اطهيهم في فرن ساخن مسبقاً&nbsp;على درجة حرارة 180 درجة حتى يحمر الوجه ويصبح ذهبي.</li>\r\n</ol>', 5, 6, '2020-03-11 09:37:33', '2020-05-11 12:08:02'),
(35, 'فساتين باللون الأبيض موضة 2020', '1589192075-6700516-486740470.jpg', 'تعتبر الفساتين اليبضاء من اكثر صيحات الموضة التي تسيطر على منصات عروض أزياء الالبسة الجاهزة لموسم الصيف .', 'fsatyn-ballon-alabyd-mod-2020', '<p>من منا لا يحب&nbsp;<a href=\"https://www.sayidaty.net/%D8%A5%D8%AA%D8%AC%D8%A7%D9%87%D8%A7%D8%AA/5-%D9%86%D8%B5%D8%A7%D8%A6%D8%AD-%D9%84%D8%A7%D8%B1%D8%AA%D8%AF%D8%A7%D8%A1-%D8%A7%D9%84%D9%84%D9%88%D9%86-%D8%A7%D9%84%D8%A3%D8%A8%D9%8A%D8%B6\" target=\"_blank\">اللون الأبيض</a>، تحديدا في فصل الصيف، هذه الدرجة التي تبعث في النفس راحة وهدوءا. كما أن هذا اللون من الدرجات الرائجة بشكل كبير هذا الصيف، شاهدناه في كثير من<a href=\"https://www.sayidaty.net/category/tags/%D9%81%D8%B3%D8%A7%D8%AA%D9%8A%D9%86-%D9%85%D8%AD%D8%AC%D8%A8%D8%A7%D8%AA\" target=\"_blank\">&nbsp;موديلات الفساتين المختلفة</a>.</p>\r\n\r\n<p>ويمكنك أنت أيضا ارتداء هذه الدرجة ب<a href=\"https://www.sayidaty.net/category/tags/%D9%81%D8%B3%D8%A7%D8%AA%D9%8A%D9%86-%D8%B3%D9%87%D8%B1%D8%A9-%D9%84%D9%84%D9%85%D8%AD%D8%AC%D8%A8%D8%A7%D8%AA\" target=\"_blank\">موديلات الفساتين العصرية للمحجبات</a>، لإطلالة مبهجة في الصيف، مع تنسيق مميز وناعم،&nbsp;</p>', 4, 1, '2020-05-11 08:14:35', '2020-05-13 12:14:37'),
(36, 'موضوع عن الصحة العامة وأهميتها', '1589193934-موضوع_تعبير_عن_الصحة.jpg', 'يُقال أنّ الصّحة ثروةُ الإنسان العاقل، لأنّها أغلى ما يملك، وهي السلامة والعافية من المرض، كما أنّها الحالة الطبيعية للجسم والتي تمكّننا من المضيّ في حياتنا بسعادة وراحة، فالصحة هي سبيل الإنسان لخدمة نفسه دون حاجة الآخرين، وهي ما يجب على الإنسان أن يسعى للمحافظة عليه طوال عمره.', 'modoaa-aan-alsh-alaaam-oahmytha', '<p>إنّ للصحة أهمية كبيرة فالإنسان الصحيح المعافى في بدنه يستطيع إنجاز أهدافه وتحقيقها، كما أنّه يستطيع أن يمارس نشاطاته اليومية بيسر وسهولة، بالإضافة إلى استطاعته بأن يكون فرداً صالحاً في مجتمعه ويساعد في نمائه، كما أنّ الإنسان السليم يخفّف عن نفسه أعباء زيارات المشافي وثمن الأدوية، بل إنّه يستطيع أن ينفق هذه الأموال في سبل أخرى فيها فائدته، وعندما يهتم كل فرد في صحته يتقدّم المجتمع لأنّ ما كانت ستخصصه الدولة لعلاج الأوبئة والأمراض ستسثتمره في تطوير مجالات أخرى. إنّ الصحة كنز لا يشعر بقيمته إلأّ من حُرم منه، فعلى كل فرد منا الاهتمام بصحته باتَباع نظام غذاء صحيّ نبتعد فيه عن المأكولات الضارة ونكثر فيه من الفواكه والخضار لا سيما الورقية منها، بالإضافة إلى شرب كميات وافرة من الماء، وممارسة الرياضة بشكل منتظم، والابتعاد عن الآفات الخطيرة مثل التدخين، وشرب الكحوليات، والحفاظ على تدابير النظافة الشخصية من غسل اليدين لمدة عشرين ثانية، والاستحمام، بالإضافة إلى ضرورة الابتعاد عن المصابين بالأمراض لا سيما تلك التي تنتشر بالملامسة أو رذاذ العُطاس، كما يجب علينا أخذ قسط كافٍ من النوم كل يوم، بالإضافة إلى ضرورة الابتعاد عن مسببات التوتر والقلق التي تنهك أجسادنا دون أن نشعر، كما أنّ علينا زيارة الطبيب المختص عند التعرّض لوعكة صحيّة لاستشارته، والابتعاد عن تناول الأدوية أو استخدام ما لا نعرفه من أعشاب ووصفات، فكم من إنسان ضرّ نفسه بدلاً من أن ينفعها جراء ذلك فتعطّل عن الكثير من الأمور؟! حثّ ديننا الإسلاميّ على المحافظة على النفس وصحتها وعدم إلقائها إلى التهلكة، إذ قال الله تعالى في كتابه الكريم: (وَلَا تُلْقُوا بِأَيْدِيكُمْ إِلَى التَّهْلُكَةِ) (البقرة: 195)، فهي أمانة في يد الإنسان سيُسأل عنها يوم القيامة، وهو الأمر الذي يُوجب علينا المحافظة على أجسامنا، والابتعاد بها عن الكسل الذي يدمّر الطاقة، والحرص على الاشتراك في كلّ ما يفيدنا من أنشطة، وينمّي مواهبنا، لنحافظ على صحتنا ونجدها دوماً تساندنا حتّى في كبرنا، كما أنّ علينا الّا ننسى شكر الله على نعمته فبالشكر تدوم النعم.<br />\r\n&nbsp;</p>', 3, 7, '2020-05-11 08:45:34', '2020-05-16 01:42:05'),
(37, 'موضوع عن الصحة العامة وأهميتها', '1589193950-موضوع_تعبير_عن_الصحة.jpg', 'يُقال أنّ الصّحة ثروةُ الإنسان العاقل، لأنّها أغلى ما يملك، وهي السلامة والعافية من المرض، كما أنّها الحالة الطبيعية للجسم والتي تمكّننا من المضيّ في حياتنا بسعادة وراحة، فالصحة هي سبيل الإنسان لخدمة نفسه دون حاجة الآخرين، وهي ما يجب على الإنسان أن يسعى للمحافظة عليه طوال عمره.', 'modoaa-aan-alsh-alaaam-oahmytha', '<p>إنّ للصحة أهمية كبيرة فالإنسان الصحيح المعافى في بدنه يستطيع إنجاز أهدافه وتحقيقها، كما أنّه يستطيع أن يمارس نشاطاته اليومية بيسر وسهولة، بالإضافة إلى استطاعته بأن يكون فرداً صالحاً في مجتمعه ويساعد في نمائه، كما أنّ الإنسان السليم يخفّف عن نفسه أعباء زيارات المشافي وثمن الأدوية، بل إنّه يستطيع أن ينفق هذه الأموال في سبل أخرى فيها فائدته، وعندما يهتم كل فرد في صحته يتقدّم المجتمع لأنّ ما كانت ستخصصه الدولة لعلاج الأوبئة والأمراض ستسثتمره في تطوير مجالات أخرى. إنّ الصحة كنز لا يشعر بقيمته إلأّ من حُرم منه، فعلى كل فرد منا الاهتمام بصحته باتَباع نظام غذاء صحيّ نبتعد فيه عن المأكولات الضارة ونكثر فيه من الفواكه والخضار لا سيما الورقية منها، بالإضافة إلى شرب كميات وافرة من الماء، وممارسة الرياضة بشكل منتظم، والابتعاد عن الآفات الخطيرة مثل التدخين، وشرب الكحوليات، والحفاظ على تدابير النظافة الشخصية من غسل اليدين لمدة عشرين ثانية، والاستحمام، بالإضافة إلى ضرورة الابتعاد عن المصابين بالأمراض لا سيما تلك التي تنتشر بالملامسة أو رذاذ العُطاس، كما يجب علينا أخذ قسط كافٍ من النوم كل يوم، بالإضافة إلى ضرورة الابتعاد عن مسببات التوتر والقلق التي تنهك أجسادنا دون أن نشعر، كما أنّ علينا زيارة الطبيب المختص عند التعرّض لوعكة صحيّة لاستشارته، والابتعاد عن تناول الأدوية أو استخدام ما لا نعرفه من أعشاب ووصفات، فكم من إنسان ضرّ نفسه بدلاً من أن ينفعها جراء ذلك فتعطّل عن الكثير من الأمور؟! حثّ ديننا الإسلاميّ على المحافظة على النفس وصحتها وعدم إلقائها إلى التهلكة، إذ قال الله تعالى في كتابه الكريم: (وَلَا تُلْقُوا بِأَيْدِيكُمْ إِلَى التَّهْلُكَةِ) (البقرة: 195)، فهي أمانة في يد الإنسان سيُسأل عنها يوم القيامة، وهو الأمر الذي يُوجب علينا المحافظة على أجسامنا، والابتعاد بها عن الكسل الذي يدمّر الطاقة، والحرص على الاشتراك في كلّ ما يفيدنا من أنشطة، وينمّي مواهبنا، لنحافظ على صحتنا ونجدها دوماً تساندنا حتّى في كبرنا، كما أنّ علينا الّا ننسى شكر الله على نعمته فبالشكر تدوم النعم.<br />\r\n&nbsp;</p>', 0, 7, '2020-05-11 08:45:50', '2020-05-11 08:45:50');

-- --------------------------------------------------------

--
-- Table structure for table `post_tag`
--

CREATE TABLE `post_tag` (
  `id` int(11) NOT NULL,
  `post_id` bigint(20) UNSIGNED DEFAULT NULL,
  `tag_id` bigint(20) UNSIGNED DEFAULT NULL,
  `created_at` timestamp NULL DEFAULT NULL,
  `updated_at` timestamp NULL DEFAULT NULL
) ENGINE=InnoDB DEFAULT CHARSET=utf8mb4 COLLATE=utf8mb4_unicode_ci;

--
-- Dumping data for table `post_tag`
--

INSERT INTO `post_tag` (`id`, `post_id`, `tag_id`, `created_at`, `updated_at`) VALUES
(3, 13, 3, NULL, NULL),
(4, 13, 2, NULL, NULL),
(5, 11, 3, NULL, NULL),
(6, 11, 2, NULL, NULL),
(7, 13, 3, NULL, NULL),
(8, 13, 2, NULL, NULL),
(9, 13, 3, NULL, NULL),
(10, NULL, 2, NULL, NULL),
(11, NULL, 3, NULL, NULL),
(12, NULL, 4, NULL, NULL),
(13, NULL, 5, NULL, NULL),
(14, NULL, 6, NULL, NULL),
(29, 20, 7, NULL, NULL),
(30, 20, 8, NULL, NULL),
(31, 20, 9, NULL, NULL),
(32, 20, 10, NULL, NULL),
(33, 21, 7, NULL, NULL),
(34, 21, 8, NULL, NULL),
(35, 21, 9, NULL, NULL),
(36, 21, 10, NULL, NULL),
(37, 22, 11, NULL, NULL),
(38, 22, 12, NULL, NULL),
(39, 22, 13, NULL, NULL),
(40, 23, 11, NULL, NULL),
(41, 23, 12, NULL, NULL),
(42, 23, 13, NULL, NULL),
(43, 24, 11, NULL, NULL),
(44, 24, 12, NULL, NULL),
(45, 24, 13, NULL, NULL),
(46, 25, 2, NULL, NULL),
(47, 25, 4, NULL, NULL),
(48, 25, 6, NULL, NULL),
(49, 25, 14, NULL, NULL),
(50, 26, 2, NULL, NULL),
(51, 26, 3, NULL, NULL),
(52, 26, 4, NULL, NULL),
(53, 26, 6, NULL, NULL),
(54, 26, 14, NULL, NULL),
(55, 27, 3, NULL, NULL),
(56, 27, 4, NULL, NULL),
(57, 27, 6, NULL, NULL),
(58, 27, 14, NULL, NULL),
(59, 28, 5, NULL, NULL),
(60, 28, 15, NULL, NULL),
(61, 28, 16, NULL, NULL),
(62, 28, 17, NULL, NULL),
(63, 28, 18, NULL, NULL),
(64, 29, 5, NULL, NULL),
(65, 29, 6, NULL, NULL),
(66, 29, 15, NULL, NULL),
(67, 29, 16, NULL, NULL),
(68, 29, 17, NULL, NULL),
(69, 29, 18, NULL, NULL),
(70, 30, 5, NULL, NULL),
(71, 30, 15, NULL, NULL),
(72, 30, 16, NULL, NULL),
(73, 30, 17, NULL, NULL),
(74, 30, 18, NULL, NULL),
(75, 31, 7, NULL, NULL),
(76, 31, 8, NULL, NULL),
(77, 31, 9, NULL, NULL),
(78, 31, 10, NULL, NULL),
(79, 31, 18, NULL, NULL),
(80, 32, 18, NULL, NULL),
(81, 32, 19, NULL, NULL),
(82, 32, 20, NULL, NULL),
(83, 32, 21, NULL, NULL),
(84, 32, 22, NULL, NULL),
(85, 32, 23, NULL, NULL),
(86, 32, 24, NULL, NULL),
(87, 33, 18, NULL, NULL),
(88, 33, 19, NULL, NULL),
(89, 33, 20, NULL, NULL),
(90, 33, 21, NULL, NULL),
(91, 33, 22, NULL, NULL),
(92, 33, 23, NULL, NULL),
(93, 33, 24, NULL, NULL),
(94, 34, 18, NULL, NULL),
(95, 34, 19, NULL, NULL),
(96, 34, 20, NULL, NULL),
(97, 34, 21, NULL, NULL),
(98, 34, 22, NULL, NULL),
(99, 34, 23, NULL, NULL),
(100, 34, 24, NULL, NULL),
(101, 35, 7, NULL, NULL),
(102, 35, 8, NULL, NULL),
(103, 35, 9, NULL, NULL),
(104, 35, 10, NULL, NULL),
(105, 35, 18, NULL, NULL),
(106, 37, 2, NULL, NULL),
(107, 37, 3, NULL, NULL),
(108, 37, 4, NULL, NULL),
(109, 37, 5, NULL, NULL),
(110, 37, 6, NULL, NULL),
(111, 37, 7, NULL, NULL),
(112, 37, 8, NULL, NULL),
(113, 37, 9, NULL, NULL),
(114, 37, 10, NULL, NULL),
(115, 37, 11, NULL, NULL),
(116, 37, 12, NULL, NULL),
(117, 37, 13, NULL, NULL),
(118, 37, 14, NULL, NULL),
(119, 37, 15, NULL, NULL),
(120, 37, 16, NULL, NULL),
(121, 37, 17, NULL, NULL),
(122, 37, 18, NULL, NULL),
(123, 37, 19, NULL, NULL),
(124, 37, 20, NULL, NULL),
(125, 37, 21, NULL, NULL),
(126, 37, 22, NULL, NULL),
(127, 37, 23, NULL, NULL),
(128, 37, 24, NULL, NULL);

-- --------------------------------------------------------

--
-- Table structure for table `sections`
--

CREATE TABLE `sections` (
  `id` bigint(20) UNSIGNED NOT NULL,
  `name` varchar(191) COLLATE utf8mb4_unicode_ci NOT NULL,
  `created_at` timestamp NULL DEFAULT NULL,
  `updated_at` timestamp NULL DEFAULT NULL
) ENGINE=InnoDB DEFAULT CHARSET=utf8mb4 COLLATE=utf8mb4_unicode_ci;

--
-- Dumping data for table `sections`
--

INSERT INTO `sections` (`id`, `name`, `created_at`, `updated_at`) VALUES
(1, 'أزياء', '2020-02-19 05:14:14', '2020-03-01 06:02:08'),
(2, 'مكياج', '2020-02-19 05:14:24', '2020-03-01 06:07:08'),
(3, 'مجوهرات', '2020-02-19 05:14:31', '2020-02-19 05:14:31'),
(4, 'العناية بالبشرة', '2020-03-01 06:01:47', '2020-03-01 06:01:47'),
(5, 'العناية بالشعر', '2020-03-01 06:03:23', '2020-03-01 06:03:23'),
(6, 'المطبخ (كل يوم وصفة جديدة)', '2020-03-11 09:21:56', '2020-03-11 09:21:56'),
(7, 'الصحة العامة', '2020-05-11 08:43:30', '2020-05-11 08:43:30');

-- --------------------------------------------------------

--
-- Table structure for table `tags`
--

CREATE TABLE `tags` (
  `id` bigint(20) UNSIGNED NOT NULL,
  `name` varchar(191) COLLATE utf8mb4_unicode_ci NOT NULL,
  `created_at` timestamp NULL DEFAULT NULL,
  `updated_at` timestamp NULL DEFAULT NULL
) ENGINE=InnoDB DEFAULT CHARSET=utf8mb4 COLLATE=utf8mb4_unicode_ci;

--
-- Dumping data for table `tags`
--

INSERT INTO `tags` (`id`, `name`, `created_at`, `updated_at`) VALUES
(2, 'مكياج', '2020-02-19 05:14:56', '2020-03-01 06:06:56'),
(3, 'ميك اب', '2020-03-01 07:03:18', '2020-03-01 07:03:18'),
(4, 'بشرة', '2020-03-02 09:32:31', '2020-03-02 09:32:31'),
(5, 'شعر', '2020-03-02 09:32:42', '2020-03-02 09:32:42'),
(6, 'كريمات', '2020-03-02 09:33:37', '2020-03-02 09:33:37'),
(7, 'أزياء', '2020-03-03 05:07:16', '2020-03-03 05:07:16'),
(8, 'ملابس', '2020-03-03 05:07:30', '2020-03-03 05:07:30'),
(9, 'موضة', '2020-03-03 05:07:41', '2020-03-03 05:07:41'),
(10, 'فساتين', '2020-03-03 05:07:59', '2020-03-03 05:07:59'),
(11, 'جواهر', '2020-03-03 07:42:31', '2020-03-03 07:42:31'),
(12, 'حلي', '2020-03-03 07:42:40', '2020-03-03 07:42:40'),
(13, 'مجوهرات', '2020-03-03 07:42:49', '2020-03-03 07:42:49'),
(14, 'ماسكات', '2020-03-03 10:06:46', '2020-03-03 10:06:46'),
(15, 'زيوت', '2020-03-08 05:23:59', '2020-03-08 05:23:59'),
(16, 'ماسكات شعر', '2020-03-08 05:24:58', '2020-03-08 05:24:58'),
(17, 'تسريحات', '2020-03-08 05:25:52', '2020-03-08 05:25:52'),
(18, 'ما يخص عالم المرأه', '2020-03-08 05:26:09', '2020-03-08 05:26:09'),
(19, 'المطبخ', '2020-03-11 09:22:11', '2020-03-11 09:22:11'),
(20, 'طبخ', '2020-03-11 09:22:22', '2020-03-11 09:22:22'),
(21, 'وصفات اكل', '2020-03-11 09:22:34', '2020-03-11 09:22:34'),
(22, 'الغذاء', '2020-03-11 09:22:50', '2020-03-11 09:22:50'),
(23, 'فطار صحي', '2020-03-11 09:23:02', '2020-03-11 09:23:02'),
(24, 'العشاء السليم', '2020-03-11 09:23:19', '2020-03-11 09:23:19');

-- --------------------------------------------------------

--
-- Table structure for table `users`
--

CREATE TABLE `users` (
  `id` bigint(20) UNSIGNED NOT NULL,
  `name` varchar(191) COLLATE utf8mb4_unicode_ci NOT NULL,
  `email` varchar(191) COLLATE utf8mb4_unicode_ci NOT NULL,
  `email_verified_at` timestamp NULL DEFAULT NULL,
  `password` varchar(191) COLLATE utf8mb4_unicode_ci NOT NULL,
  `remember_token` varchar(100) COLLATE utf8mb4_unicode_ci DEFAULT NULL,
  `created_at` timestamp NULL DEFAULT NULL,
  `updated_at` timestamp NULL DEFAULT NULL
) ENGINE=InnoDB DEFAULT CHARSET=utf8mb4 COLLATE=utf8mb4_unicode_ci;

--
-- Indexes for dumped tables
--

--
-- Indexes for table `admins`
--
ALTER TABLE `admins`
  ADD PRIMARY KEY (`id`),
  ADD UNIQUE KEY `admins_email_unique` (`email`);

--
-- Indexes for table `banner`
--
ALTER TABLE `banner`
  ADD PRIMARY KEY (`id`);

--
-- Indexes for table `comments`
--
ALTER TABLE `comments`
  ADD PRIMARY KEY (`id`),
  ADD KEY `post_id` (`post_id`);

--
-- Indexes for table `failed_jobs`
--
ALTER TABLE `failed_jobs`
  ADD PRIMARY KEY (`id`);

--
-- Indexes for table `images`
--
ALTER TABLE `images`
  ADD PRIMARY KEY (`id`),
  ADD KEY `images_post_id_foreign` (`post_id`),
  ADD KEY `images_section_id_foreign` (`section_id`);

--
-- Indexes for table `migrations`
--
ALTER TABLE `migrations`
  ADD PRIMARY KEY (`id`);

--
-- Indexes for table `news`
--
ALTER TABLE `news`
  ADD PRIMARY KEY (`id`);

--
-- Indexes for table `password_resets`
--
ALTER TABLE `password_resets`
  ADD KEY `password_resets_email_index` (`email`);

--
-- Indexes for table `posts`
--
ALTER TABLE `posts`
  ADD PRIMARY KEY (`id`),
  ADD KEY `posts_section_id_foreign` (`section_id`);

--
-- Indexes for table `post_tag`
--
ALTER TABLE `post_tag`
  ADD PRIMARY KEY (`id`),
  ADD KEY `post_tag_post_id_foreign` (`post_id`),
  ADD KEY `post_tag_tag_id_foreign` (`tag_id`);

--
-- Indexes for table `sections`
--
ALTER TABLE `sections`
  ADD PRIMARY KEY (`id`);

--
-- Indexes for table `tags`
--
ALTER TABLE `tags`
  ADD PRIMARY KEY (`id`);

--
-- Indexes for table `users`
--
ALTER TABLE `users`
  ADD PRIMARY KEY (`id`),
  ADD UNIQUE KEY `users_email_unique` (`email`);

--
-- AUTO_INCREMENT for dumped tables
--

--
-- AUTO_INCREMENT for table `admins`
--
ALTER TABLE `admins`
  MODIFY `id` bigint(20) UNSIGNED NOT NULL AUTO_INCREMENT, AUTO_INCREMENT=2;

--
-- AUTO_INCREMENT for table `banner`
--
ALTER TABLE `banner`
  MODIFY `id` bigint(20) UNSIGNED NOT NULL AUTO_INCREMENT, AUTO_INCREMENT=7;

--
-- AUTO_INCREMENT for table `comments`
--
ALTER TABLE `comments`
  MODIFY `id` bigint(20) NOT NULL AUTO_INCREMENT, AUTO_INCREMENT=7;

--
-- AUTO_INCREMENT for table `failed_jobs`
--
ALTER TABLE `failed_jobs`
  MODIFY `id` bigint(20) UNSIGNED NOT NULL AUTO_INCREMENT;

--
-- AUTO_INCREMENT for table `images`
--
ALTER TABLE `images`
  MODIFY `id` bigint(20) UNSIGNED NOT NULL AUTO_INCREMENT, AUTO_INCREMENT=31;

--
-- AUTO_INCREMENT for table `migrations`
--
ALTER TABLE `migrations`
  MODIFY `id` int(10) UNSIGNED NOT NULL AUTO_INCREMENT, AUTO_INCREMENT=50;

--
-- AUTO_INCREMENT for table `news`
--
ALTER TABLE `news`
  MODIFY `id` bigint(20) UNSIGNED NOT NULL AUTO_INCREMENT, AUTO_INCREMENT=5;

--
-- AUTO_INCREMENT for table `posts`
--
ALTER TABLE `posts`
  MODIFY `id` bigint(20) UNSIGNED NOT NULL AUTO_INCREMENT, AUTO_INCREMENT=38;

--
-- AUTO_INCREMENT for table `post_tag`
--
ALTER TABLE `post_tag`
  MODIFY `id` int(11) NOT NULL AUTO_INCREMENT, AUTO_INCREMENT=129;

--
-- AUTO_INCREMENT for table `sections`
--
ALTER TABLE `sections`
  MODIFY `id` bigint(20) UNSIGNED NOT NULL AUTO_INCREMENT, AUTO_INCREMENT=8;

--
-- AUTO_INCREMENT for table `tags`
--
ALTER TABLE `tags`
  MODIFY `id` bigint(20) UNSIGNED NOT NULL AUTO_INCREMENT, AUTO_INCREMENT=25;

--
-- AUTO_INCREMENT for table `users`
--
ALTER TABLE `users`
  MODIFY `id` bigint(20) UNSIGNED NOT NULL AUTO_INCREMENT;

--
-- Constraints for dumped tables
--

--
-- Constraints for table `images`
--
ALTER TABLE `images`
  ADD CONSTRAINT `images_post_id_foreign` FOREIGN KEY (`post_id`) REFERENCES `posts` (`id`) ON DELETE CASCADE,
  ADD CONSTRAINT `images_section_id_foreign` FOREIGN KEY (`section_id`) REFERENCES `sections` (`id`) ON DELETE CASCADE;

--
-- Constraints for table `posts`
--
ALTER TABLE `posts`
  ADD CONSTRAINT `posts_section_id_foreign` FOREIGN KEY (`section_id`) REFERENCES `sections` (`id`) ON DELETE CASCADE;

--
-- Constraints for table `post_tag`
--
ALTER TABLE `post_tag`
  ADD CONSTRAINT `post_tag_post_id_foreign` FOREIGN KEY (`post_id`) REFERENCES `posts` (`id`) ON DELETE CASCADE,
  ADD CONSTRAINT `post_tag_tag_id_foreign` FOREIGN KEY (`tag_id`) REFERENCES `tags` (`id`) ON DELETE CASCADE;
COMMIT;

/*!40101 SET CHARACTER_SET_CLIENT=@OLD_CHARACTER_SET_CLIENT */;
/*!40101 SET CHARACTER_SET_RESULTS=@OLD_CHARACTER_SET_RESULTS */;
/*!40101 SET COLLATION_CONNECTION=@OLD_COLLATION_CONNECTION */;
